Price,Address1,Address2,Room,Shower,Car,Size
"$680,000 - $720,000","34A Napier Street,",SOUTH MELBOURNE VIC 3205,2 Beds,2 Baths,1 Parking,NG
"$550,000 - $600,000","8/3 Wando Grove,",ST KILDA EAST VIC 3183,2 Beds,1 Bath, Parking,NG
Contact Agent,"3/601 Toorak Road,",TOORAK VIC 3142,2 Beds,1 Bath,1 Parking,NG
"$770,000-$810,000","2/8 Merton Street,",IVANHOE VIC 3079,2 Beds,1 Bath,1 Parking,NG
Contact Agent,"45/6 Graham Street,",PORT MELBOURNE VIC 3207,2 Beds,2 Baths,2 Parking,NG
"$519,000 (Private Sale)","11/2 Thistle Grove,",HIGHETT VIC 3190,2 Beds,1 Bath,1 Parking,NG
"$500,000 - $550,000","5/4 Payne Street,",GLEN IRIS VIC 3146,2 Beds,1 Bath,1 Parking,NG
"$530,000-$570,000","12/10 Williams Road,",PRAHRAN VIC 3181,2 Beds,1 Bath,1 Parking,NG
"$650,000 - $699,000","5/3-5 Cromdale Street,",MOUNT MARTHA VIC 3934,2 Beds,1 Bath,2 Parking,NG
Auction Saturday 20th February at 11:30am,"3/10 True Avenue,",CARRUM VIC 3197,3 Beds,2 Baths,2 Parking,NG
"$700,000-$735,000","1/106 Brown Street,",HEIDELBERG VIC 3084,2 Beds,1 Bath,1 Parking,NG
"$635,000 - $685,000","5/107 Flinders Street,",THORNBURY VIC 3071,3 Beds,1 Bath,1 Parking,NG
"$420,000 - $450,000","1/17 Mayne Street,",SUNSHINE WEST VIC 3020,2 Beds,1 Bath,1 Parking,NG
"$850,000-$900,000","98A Marshall Street,",IVANHOE VIC 3079,2 Beds,1 Bath,1 Parking,NG
"$590,000 - $640,000","3/380 Orrong Road,",CAULFIELD NORTH VIC 3161,2 Beds,1 Bath,1 Parking,NG
"$550,000 - $600,000","1/49 Gourlay Street,",ST KILDA EAST VIC 3183,3 Beds,1 Bath,1 Parking,NG
"$850,000 - $900,000","3/267 Grange Road,",ORMOND VIC 3204,3 Beds,2 Baths,1 Parking,NG
"$760,000 - $825,000","10/35 Dickens Street,",ELWOOD VIC 3184,2 Beds,2 Baths,1 Parking,NG
380000,"610/233 Collins Street,",MELBOURNE VIC 3000,2 Beds,1 Bath, Parking,NG
"$570,000 - $590,000","911/15 Clifton Street,",PRAHRAN VIC 3181,2 Beds,2 Baths,2 Parking,NG
"1, 2 and 3 Bed To Choose From!","G10,306,504/6 Dalgety Street,",OAKLEIGH VIC 3166,3 Beds,2 Baths,2 Parking,NG
Contact Agent,"2/64 Anderson Road,",HAWTHORN EAST VIC 3123,2 Beds,2 Baths,2 Parking,NG
"$595,000","4/17-19 Beaumaris Parade,",HIGHETT VIC 3190,2 Beds,1 Bath,2 Parking,NG
"$649,000 - $679,000","107/50 Bowlers Avenue,",GEELONG WEST VIC 3218,2 Beds,2 Baths,1 Parking,NG
Contact agent for details,"10/84 Marshall Street,",IVANHOE VIC 3079,2 Beds,1 Bath,1 Parking,NG
"$700,000 - $750,000","5/26-28 Dalgety Street,",ST KILDA VIC 3182,2 Beds,1 Bath,1 Parking,NG
"$550,000 -$600,000","4/7 Coleridge Street,",ELWOOD VIC 3184,2 Beds,1 Bath,1 Parking,NG
Contact Agent,"11A/12 Marine Parade,",ST KILDA VIC 3182,2 Beds,1 Bath,1 Parking,NG
Contact agent for details,"6/646 Malvern Road,",PRAHRAN VIC 3181,3 Beds,2 Baths,1 Parking,NG
Contact Agent,"709/2-6 Dalgety Street,",OAKLEIGH VIC 3166,2 Beds,2 Baths,1 Parking,NG
"$375,000 to $395,000","610/233 Collins Street,",MELBOURNE VIC 3000,2 Beds,1 Bath, Parking,NG
"$790,000 -$860,000","23/14 Lansell Road,",TOORAK VIC 3142,2 Beds,1 Bath,1 Parking,NG
"$540,000-$590,000","5/125 Mcdonald Street,",MORDIALLOC VIC 3195,2 Beds,2 Baths,1 Parking,NG
"$360,000 - $396,000","10/5 Hope Court,",FRANKSTON VIC 3199,2 Beds,1 Bath,1 Parking,83m
"$900,000-$990,000","91/108 Greville Street,",PRAHRAN VIC 3181,3 Beds,2 Baths,2 Parking,NG
Contact Agent,"22/76 Haines Street,",NORTH MELBOURNE VIC 3051,2 Beds,1 Bath,1 Parking,NG
"$449,000 - $469,000","41/95-99 Edithvale Road,",EDITHVALE VIC 3196,2 Beds,1 Bath,1 Parking,NG
"$760,000 - $820,000","3/4 Milan Street,",DONCASTER EAST VIC 3109,2 Beds,2 Baths,1 Parking,NG
"$700,000 - $750,000","207/118 Russell Street,",MELBOURNE VIC 3000,2 Beds,1 Bath, Parking,NG
"$380,000 - $410,000","6/6-8 Stafford Street,",HERNE HILL VIC 3218,2 Beds,1 Bath,1 Parking,NG
"Private Sale $410,000","201/394 Lygon Street,",BRUNSWICK EAST VIC 3057,2 Beds,1 Bath,1 Parking,NG
"$650,000 - $715,000","1/34 Palm Beach Drive,",PATTERSON LAKES VIC 3197,3 Beds,1 Bath,1 Parking,271m
Contact Agent,"12/181 Bay Street,",PORT MELBOURNE VIC 3207,2 Beds,1 Bath,1 Parking,NG
Contact Agent,"3/13a Lewisham Road,",PRAHRAN VIC 3181,2 Beds,1 Bath,1 Parking,NG
"$600,000 - $660,000","10/20 Grange Road,",CARNEGIE VIC 3163,2 Beds,1 Bath,1 Parking,NG
"$650,000 - $700,000","2/350 Wellington Street,",COLLINGWOOD VIC 3066,2 Beds,1 Bath,1 Parking,NG
"$590,000 - $649,000","2/8 Arthur Street,",ABERFELDIE VIC 3040,2 Beds,1 Bath,2 Parking,NG
"$775,000-$810,000","65B Lloyd Street,",HEIDELBERG HEIGHTS VIC 3081,3 Beds,2 Baths,1 Parking,NG
"$480,000-$500,000","602/11 Central Avenue,",MOORABBIN VIC 3189,2 Beds,2 Baths,1 Parking,NG
"$630,000-$690,000","103/723 TOORAK ROAD,",KOOYONG VIC 3144,2 Beds,2 Baths,1 Parking,NG
"$495,000","1/230 Dryburgh Street,",NORTH MELBOURNE VIC 3051,2 Beds,1 Bath, Parking,NG
"$600,000 - $650,000","1/199 Brighton Road,",ELWOOD VIC 3184,2 Beds,1 Bath,1 Parking,NG
"$790,000 - $860,000","2/10 Kingsley Parade,",CARNEGIE VIC 3163,2 Beds,1 Bath,2 Parking,273m
Contact Agent,"4/1452 Malvern Road,",GLEN IRIS VIC 3146,2 Beds,1 Bath,1 Parking,NG
"$620,000 - $670,000","14/42 Latrobe Street,",MENTONE VIC 3194,2 Beds,1 Bath,1 Parking,NG
"Private Sale $775,000","403/85 Hutton Street,",THORNBURY VIC 3071,2 Beds,2 Baths,1 Parking,NG
"$890,000 - $930,000","7/153 Kooyong Road,",TOORAK VIC 3142,2 Beds,2 Baths,2 Parking,NG
"$570,000 - $600,000","14/124 Alma Road,",ST KILDA EAST VIC 3183,2 Beds,1 Bath,1 Parking,NG
"$495,000 - $544,500","1/26 Glenola Road,",CHELSEA VIC 3196,2 Beds,1 Bath,1 Parking,170m
"$470,000-$500,000","17/93 Argyle Street,",ST KILDA VIC 3182,2 Beds,1 Bath,1 Parking,NG
"$490,000 - $530,000","9/18 Station Road,",WILLIAMSTOWN VIC 3016,2 Beds,1 Bath,1 Parking,NG
"$420,000 - $440,000","2/33 Harmony Drive,",TARNEIT VIC 3029,3 Beds,1 Bath,1 Parking,271m
"$550,000 - $600,000","6/24 Como Street,",ALPHINGTON VIC 3078,2 Beds,1 Bath,1 Parking,NG
"$695,000","31/539 St Kilda Road,",MELBOURNE 3004 VIC 3004,2 Beds,2 Baths,2 Parking,140m
"$680,000 - $745,000","1/62 Bonnieview Road,",CROYDON NORTH VIC 3136,3 Beds,2 Baths,2 Parking,235m
"$585,000","2/15-17 Lower Plenty Road,",ROSANNA VIC 3084,2 Beds,1 Bath,1 Parking,NG
"$650,000 - $710,000","2/57 Prince Street,",MORNINGTON VIC 3931,3 Beds,2 Baths,1 Parking,260m
"Auction $620,000 - $680,000","11/109 Wilson Street,",CARLTON NORTH VIC 3054,2 Beds,1 Bath,1 Parking,NG
"$930,000 - $1,020,000","55/183 Kerr Street,",FITZROY VIC 3065,2 Beds,1 Bath,1 Parking,NG
"From $545,000","3 Chesterville Road,",CHELTENHAM VIC 3192,2 Beds,2 Baths,1 Parking,NG
"$670,000","403/200 Toorak Road,",SOUTH YARRA VIC 3141,2 Beds,2 Baths,1 Parking,NG
"$700,000 - $740,000","2/3 Centre Court,",HIGHETT VIC 3190,2 Beds,1 Bath,1 Parking,211m
"EOI $640,000 - $690,000","8/1031 Heidelberg Road,",IVANHOE VIC 3079,2 Beds,2 Baths,1 Parking,NG
"$680,000-$740,000","8/1 Greville Street,",PRAHRAN VIC 3181,2 Beds,1 Bath,1 Parking,NG
"Auction $850,000 - $900,000","4/186 Darebin Road,",NORTHCOTE VIC 3070,3 Beds,2 Baths,2 Parking,NG
"$750,000 - $820,000","5/13-17 Blackwood Street,",YARRAVILLE VIC 3013,2 Beds,1 Bath,1 Parking,139m
"Auction $600,000 - $650,000","11/837 Park Street,",BRUNSWICK VIC 3056,2 Beds,1 Bath,1 Parking,NG
"$600,000 - $650,000","3/101 Barkly Street,",ST KILDA VIC 3182,2 Beds,1 Bath,1 Parking,NG
"$490,000 - $539,000","10/4-10 Barry Street,",SEAFORD VIC 3198,3 Beds,1 Bath,1 Parking,NG
"$490,000 - $530,000","1/117 East Road,",SEAFORD VIC 3198,2 Beds,1 Bath,1 Parking,383m
"$550,000 - $600,000","216/284-286 Highett Road,",HIGHETT VIC 3190,2 Beds,2 Baths,1 Parking,NG
Contact Agent,"208/25 Truganini Road,",CARNEGIE VIC 3163,3 Beds,2 Baths,2 Parking,NG
"$370,000 - $400,000","2/15A Koonalda Grove,",DANDENONG NORTH VIC 3175,2 Beds,1 Bath,1 Parking,NG
"Auction $550,000-$600,000","2/33 Hare Street,",FAWKNER VIC 3060,3 Beds,2 Baths,1 Parking,NG
"$475,000 - $520,000","335/111 Punt Road,",WINDSOR VIC 3181,2 Beds,2 Baths,1 Parking,NG
"ESR $450,000-$480,000","3/20 Margaret Street,",FAWKNER VIC 3060,2 Beds,1 Bath,1 Parking,NG
Contact Agent,"4/81 Pickles Street,",PORT MELBOURNE VIC 3207,2 Beds,2 Baths,2 Parking,NG
"$620,000 - $660,000","10/8-10 Sutherland Road,",ARMADALE VIC 3143,2 Beds,1 Bath,1 Parking,80m
"$525,000 - $575,000","4/38 Mitford Street,",ELWOOD VIC 3184,2 Beds,1 Bath, Parking,NG
"$600,000 - $660,000","2/32 Pine Hill Drive,",FRANKSTON VIC 3199,3 Beds,2 Baths,2 Parking,NG
"$800,000 - $880,000","1/1 Station Street,",FAIRFIELD VIC 3078,2 Beds,1 Bath,1 Parking,NG
"$360,000 - $396,000","2/12 Crefden Street,",MAIDSTONE VIC 3012,2 Beds,1 Bath,1 Parking,NG
Contact Agent,"4/341 Moray Street,",SOUTH MELBOURNE VIC 3205,2 Beds,1 Bath,1 Parking,NG
"$680,000 - $730,000","133A Deakin Street,",ESSENDON VIC 3040,2 Beds,1 Bath,1 Parking,NG
"510,000 - 550,000","505/91-93 Nicholson Street,",BRUNSWICK EAST VIC 3057,2 Beds,1 Bath, Parking,NG
"$400,000 - $420,000","5/3 Malachite Drive,",TARNEIT VIC 3029,2 Beds,2 Baths,1 Parking,NG
"$640,000 - $690,000","103/13 Acacia Place,",ABBOTSFORD VIC 3067,2 Beds,2 Baths,1 Parking,NG
"$640,000 - $700,000","101/90 Comer Street,",BRIGHTON EAST VIC 3187,2 Beds,1 Bath,2 Parking,NG
"$630,000 - $690,000","113/308 St Kilda Road,",ST KILDA VIC 3182,2 Beds,2 Baths,1 Parking,NG
"$465,000 - $510,000","3/28 David Street,",DANDENONG VIC 3175,2 Beds,1 Bath,2 Parking,228m
"$400,000 - $430,000","13/11 Monckton  Place,",CAROLINE SPRINGS VIC 3023,2 Beds,2 Baths,1 Parking,NG
"$590,000 - $640,000","1/1 Bond Street,",PRESTON VIC 3072,2 Beds,2 Baths,1 Parking,NG
"$700,000 - $770,000","1604/7 Riverside Quay,",SOUTHBANK VIC 3006,2 Beds,1 Bath,1 Parking,NG
"$450,000 - $490,000","6/2 Passfield Street,",BRUNSWICK WEST VIC 3055,2 Beds,1 Bath,1 Parking,NG
"$900,000 - $990,000","2/12 Noel Street,",IVANHOE VIC 3079,2 Beds,2 Baths,1 Parking,NG
"$640,000 -$670,000","602/8 Garden Street,",SOUTH YARRA VIC 3141,2 Beds,2 Baths,1 Parking,NG
"Private Sale $675,000","11/1086 Lygon Street,",CARLTON NORTH VIC 3054,2 Beds,1 Bath,1 Parking,NG
Contact Agent,"344A Warrigal Road,",CHELTENHAM VIC 3192,3 Beds,1 Bath,2 Parking,NG
"$540,000 - $570,000","222/284-286 Highett Road,",HIGHETT VIC 3190,2 Beds,2 Baths,1 Parking,NG
Contact agent for details,"9/26-28 Broadway,",ELWOOD VIC 3184,2 Beds,2 Baths,1 Parking,NG
Contact Agent,"7/353 Napier Street,",FITZROY VIC 3065,2 Beds,1 Bath, Parking,90m
"$440,000 - $480,000","9/17 Cypress Grove,",DANDENONG NORTH VIC 3175,2 Beds,1 Bath,1 Parking,NG
"$550,000 - $600,000","G03/3-5 St Kilda Road,",ST KILDA VIC 3182,2 Beds,1 Bath,1 Parking,NG
"$390,000 - $420,000","15/69 Clow Street,",DANDENONG VIC 3175,3 Beds,2 Baths,1 Parking,NG
"$395,000","410/179 Boundary Road,",NORTH MELBOURNE VIC 3051,2 Beds,1 Bath,1 Parking,NG
Auction,"8/1 Burton Avenue,",CLAYTON VIC 3168,3 Beds,2 Baths,2 Parking,NG
"$550,000 - $600,000","3/10 Scott Street,",MORNINGTON VIC 3931,3 Beds,1 Bath,1 Parking,243m
"$455,000 - $475,000","6/3 Stratheden Court,",SYDENHAM VIC 3037,2 Beds,1 Bath,1 Parking,NG
"$490,000 - $520,000","1/19 Temby Close,",ENDEAVOUR HILLS VIC 3802,2 Beds,1 Bath,1 Parking,NG
AUCTION,"116/12 Albert Street,",HAWTHORN EAST VIC 3123,3 Beds,2 Baths,2 Parking,NG
"$500,000 - $550,000","504/457-459 Lygon Street,",BRUNSWICK EAST VIC 3057,2 Beds,1 Bath,1 Parking,NG
"$599,000 - $658,000","5/29 Culcairn Drive,",FRANKSTON SOUTH VIC 3199,3 Beds,2 Baths,2 Parking,254m
"$590,000 - $620,000 - Forthcoming Auction","4/46 Warren Road,",CHELTENHAM VIC 3192,2 Beds,1 Bath,1 Parking,NG
"$580,000 - $600,000","303/14-16 Elliott Avenue,",CARNEGIE VIC 3163,2 Beds,2 Baths,1 Parking,NG
"$620,000 - $640,000","G06/14-16 Elliott Avenue,",CARNEGIE VIC 3163,2 Beds,2 Baths,1 Parking,NG
"$550,000 - $570,000","104/14-16 Elliott Avenue,",CARNEGIE VIC 3163,2 Beds,2 Baths,1 Parking,NG
"Auction $500,000 - $550,000","10/261 Heidelberg Road,",NORTHCOTE VIC 3070,2 Beds,1 Bath,1 Parking,NG
"$690,000-$740,000","1/8 Baringhup Street,",CHELTENHAM VIC 3192,2 Beds,1 Bath,1 Parking,NG
"$460,000 - $500,000","4/5 Leopold Avenue,",SPRINGVALE SOUTH VIC 3172,2 Beds,1 Bath,1 Parking,NG
Contact Agent,"7/5 Ormond Esplanade,",ELWOOD VIC 3184,2 Beds,1 Bath,1 Parking,NG
"$580,000 - $630,000","8/252 Station Street,",EDITHVALE VIC 3196,2 Beds,1 Bath,1 Parking,NG
"$649,000","2/24 Kendall Street,",ELWOOD VIC 3184,2 Beds,1 Bath,1 Parking,NG
"$480,000 - $520,000","4/55 Van Ness Avenue,",MORNINGTON VIC 3931,2 Beds,1 Bath,1 Parking,261m
"$425,000 - $465,000","7/27 Brunnings Road,",CARRUM DOWNS VIC 3201,2 Beds,1 Bath,1 Parking,NG
"$370,000 - $390,000","2/94B Ballan Road,",WERRIBEE VIC 3030,3 Beds,1 Bath,1 Parking,215m
Contact agent for details,"3102/120 A'Beckett Street,",MELBOURNE VIC 3000,2 Beds,2 Baths, Parking,NG
"$480,000 - $520,000","5/392 Inkerman Street,",ST KILDA EAST VIC 3183,2 Beds,1 Bath,1 Parking,NG
"$630,000 - $660,000","1705/7 Yarra Street,",SOUTH YARRA VIC 3141,2 Beds,2 Baths,1 Parking,NG
Contact Agent,"2/44 Shelley Street,",ELWOOD VIC 3184,2 Beds,1 Bath, Parking,NG
"$590,000 - $630,000","8/27 Newry Street,",PRAHRAN VIC 3181,2 Beds,1 Bath,1 Parking,NG
"$675,000 - $695,000","4/15 Denbigh Road,",ARMADALE VIC 3143,2 Beds,1 Bath,1 Parking,NG
"$570,000 - $600,000","14/67 High Street,",PRAHRAN VIC 3181,2 Beds,1 Bath,1 Parking,NG
"$860,000-$946,000","507/360 St Kilda Road,",MELBOURNE 3004 VIC 3004,2 Beds,2 Baths,1 Parking,NG
Contact Agent,"3/30 Franklin Street,",MOORABBIN VIC 3189,2 Beds,1 Bath,1 Parking,NG
Contact Agent,"201/65 Grosvenor Street,",BALACLAVA VIC 3183,2 Beds,2 Baths,1 Parking,NG
"EOI $650,000 - $685,000","107/206 Lower Heidelberg Road,",IVANHOE EAST VIC 3079,2 Beds,2 Baths,1 Parking,NG
"$539,000","205/182-200 Lygon Street,",BRUNSWICK EAST VIC 3057,2 Beds,2 Baths,1 Parking,NG
"$430,000 - $470,000","11/444 Albion Street,",BRUNSWICK WEST VIC 3055,2 Beds,1 Bath,1 Parking,NG
"$540,000 - $590,000","7/11 Lewisham Road,",WINDSOR VIC 3181,2 Beds,1 Bath,1 Parking,NG
"$555,000 - $600,000","105/40 Stanley Street,",COLLINGWOOD VIC 3066,2 Beds,1 Bath,1 Parking,NG
"$480,000 - $520,000","1/86 Fogarty Avenue,",HIGHTON VIC 3216,3 Beds,2 Baths,1 Parking,271m
"$500,000 - $550,000","2/5 Warbla Street,",DANDENONG NORTH VIC 3175,3 Beds,2 Baths,1 Parking,NG
"$680,000 - $720,000","3/1 William Street,",MOORABBIN VIC 3189,2 Beds,1 Bath,1 Parking,120m
"$590,000 - $630,000","C114/59 John Street,",BRUNSWICK EAST VIC 3057,2 Beds,2 Baths,1 Parking,NG
"$550,000","V8xx/8 Hopkins street,",FOOTSCRAY VIC 3011,2 Beds,2 Baths,1 Parking,NG
"$700,000 - $750,000","13/185 Barkly Street,",ST KILDA VIC 3182,2 Beds,1 Bath,1 Parking,NG
"$365,000 - $400,000","91/115 Neerim Road,",GLEN HUNTLY VIC 3163,2 Beds,1 Bath,1 Parking,NG
"Auction $590,000 - $640,000","1/7 Browning Court,",WATSONIA NORTH VIC 3087,3 Beds,2 Baths,2 Parking,NG
Contact Agent,"10/130-132 Milton Parade,",GLEN IRIS VIC 3146,3 Beds,1 Bath,2 Parking,NG
"$750,000 - $800,000","2/59 Chesterville Road,",HIGHETT VIC 3190,3 Beds,2 Baths,2 Parking,NG
"$640,000 - $690,000","202/28 Stanley Street,",COLLINGWOOD VIC 3066,2 Beds,2 Baths,1 Parking,NG
"$420,000 - $440,000","3/1 Athol  Court,",LANGWARRIN VIC 3910,2 Beds,1 Bath,1 Parking,210m
Contact Agent,"12/49 Acland Street,",ST KILDA VIC 3182,3 Beds,1 Bath, Parking,NG
Backing Onto A Park!,"15/19 Nonna Street,",OAKLEIGH EAST VIC 3166,2 Beds,1 Bath,1 Parking,NG
Contact Agent,"110/30 Burnley Street,",RICHMOND VIC 3121,2 Beds,1 Bath,1 Parking,NG
"$650,000 - $700,000","1/10 Kokaribb Road,",CARNEGIE VIC 3163,3 Beds,1 Bath,1 Parking,NG
"$530,000 - $580,000","404/67 Poath Road,",MURRUMBEENA VIC 3163,2 Beds,2 Baths,1 Parking,NG
"$680,000 - $700,000","21/56 Beach Road,",HAMPTON VIC 3188,2 Beds,1 Bath,1 Parking,NG
"$485,000 - $525,000","5/19 Beaumont Parade,",WEST FOOTSCRAY VIC 3012,2 Beds,1 Bath,1 Parking,NG
Contact Agent,"211/2A Montrose Place,",HAWTHORN EAST VIC 3123,2 Beds,1 Bath,1 Parking,NG
"$720,000 - $780,000","13/86 Queens Parade,",FITZROY NORTH VIC 3068,2 Beds,2 Baths,1 Parking,NG
"$675,000-$725,000","LG02/358 Moreland Road,",BRUNSWICK WEST VIC 3055,3 Beds,2 Baths,2 Parking,NG
"$600,000 - $650,000","1/41-43 Alma Road,",ST KILDA VIC 3182,2 Beds,1 Bath,1 Parking,NG
Inspections Welcomed - Contact agent,"6/86-88 Collins Street,",MENTONE VIC 3194,2 Beds,1 Bath,1 Parking,NG
"$600,000 - $660,000","16/3 Seisman Place,",PORT MELBOURNE VIC 3207,2 Beds,1 Bath,1 Parking,NG
"$550,000 - $600,000","2/25 Whitmuir Road,",BENTLEIGH VIC 3204,2 Beds,1 Bath,1 Parking,NG
"$620,000 - $680,000","4/7 Amaroo Court,",BOX HILL NORTH VIC 3129,2 Beds,1 Bath,2 Parking,225m
"$550,000-$570,000","10/3 Faulkner Street,",BENTLEIGH VIC 3204,2 Beds,2 Baths,1 Parking,NG
"$365,000 - $395,000","4/35-37 Bartlett Crescent,",HOPPERS CROSSING VIC 3029,2 Beds,1 Bath,1 Parking,243m
"$690,000 - $710,000","607/146-148 Bellerine  Street,",GEELONG VIC 3220,2 Beds,2 Baths,1 Parking,121m
"$290,000 - $310,000","17/29 Fairway Street,",FRANKSTON VIC 3199,2 Beds,1 Bath,1 Parking,NG
"$390,000 - $420,000","3/43 Ivan Crescent,",HAMPTON PARK VIC 3976,2 Beds,1 Bath,2 Parking,203m
"$850,000","A204/111 Parkview Road,",ALPHINGTON VIC 3078,2 Beds,2 Baths,1 Parking,NG
"$650,000 - $680,000","407/7 Greeves Street,",ST KILDA VIC 3182,3 Beds,2 Baths,1 Parking,NG
"$590,000 - $640,000","5/8 Charnwood Grove,",ST KILDA VIC 3182,2 Beds,1 Bath,1 Parking,NG
"$850,000 - $900,000","604/3-7 Alma Road,",ST KILDA VIC 3182,3 Beds,2 Baths,2 Parking,NG
"$530,000 - $580,000","10/29 Belmont Avenue North,",GLEN IRIS VIC 3146,2 Beds,1 Bath,1 Parking,NG
"$369,000 - $399,000","4/19 Pittosporum Grove,",DOVETON VIC 3177,2 Beds,1 Bath,1 Parking,NG
Contact Agent,"104/35 Tennyson Street,",HIGHETT VIC 3190,3 Beds,2 Baths,2 Parking,NG
"$370,000 to $400,000","104/80 Cheltenham Road,",DANDENONG VIC 3175,2 Beds,1 Bath,1 Parking,NG
"Brand New $530,000","2101/251 City Road,",SOUTHBANK VIC 3006,2 Beds,1 Bath, Parking,750m
"$480,000 - $500,000","425/222 Bay Road,",SANDRINGHAM VIC 3191,2 Beds,1 Bath,1 Parking,NG
"$485,000-$495,000","825/18 Albert Street,",FOOTSCRAY VIC 3011,2 Beds,1 Bath,1 Parking,NG
"$488,000","1107/270 King Street,",MELBOURNE VIC 3000,2 Beds,2 Baths, Parking,NG
"$600,000 - $660,000","1711/182 Edward Street,",BRUNSWICK EAST VIC 3057,2 Beds,1 Bath,1 Parking,NG
Contact Agent,"5/18 Warleigh Grove,",BRIGHTON VIC 3186,2 Beds,2 Baths,2 Parking,NG
"$580,000","3604/568 Collins Street,",MELBOURNE VIC 3000,2 Beds,2 Baths,1 Parking,NG
"Forthcoming Auction $500,000 - $550,000","12C/168 Victoria Road,",NORTHCOTE VIC 3070,2 Beds,1 Bath,1 Parking,NG
Auction,"1/6 Inga Court,",CHADSTONE VIC 3148,3 Beds,1 Bath,2 Parking,NG
"$399,000 - $435,000","1/49 Bellarine Highway,",NEWCOMB VIC 3219,3 Beds,1 Bath,1 Parking,340m
"$439,000","702/179 Boundary Road,",NORTH MELBOURNE VIC 3051,2 Beds,1 Bath,1 Parking,NG
"$729,000","202/7-9 Cowra Street,",BRIGHTON VIC 3186,2 Beds,2 Baths,1 Parking,NG
"$500,000 - $550,000","103/286-290 Blackburn Road,",GLEN WAVERLEY VIC 3150,2 Beds,1 Bath,1 Parking,NG
"480,000-500,000","1/62 Brunning Rise,",WOLLERT VIC 3750,3 Beds,2 Baths,1 Parking,NG
"$520,000 - $550,000","66/1501-1503 Malvern Road,",GLEN IRIS VIC 3146,2 Beds,1 Bath,1 Parking,NG
Contact Agent,"4/60 Yarra Street,",HEIDELBERG VIC 3084,2 Beds,1 Bath,1 Parking,NG
"$590,000 - $640,000","3/84 Warrigal Road,",PARKDALE VIC 3195,2 Beds,1 Bath,1 Parking,NG
"$480,000 - $510,000","5/49 Hotham Street,",SEDDON VIC 3011,2 Beds,1 Bath,1 Parking,NG
Brand new for sale,"3604/8 Pearl River Road,",DOCKLANDS VIC 3008,2 Beds,2 Baths,1 Parking,NG
"$585,000","713/3 Yarra Street,",SOUTH YARRA VIC 3141,2 Beds,1 Bath,1 Parking,NG
"$509,000","5B/42 Clarendon Street,",THORNBURY VIC 3071,2 Beds,1 Bath,1 Parking,NG
"$265,000 - $285,000","1/31 Ridley Street,",ALBION VIC 3020,2 Beds,1 Bath,1 Parking,NG
"Private Sale $565,000 - $600,000","3/519 Hampton Street,",HAMPTON VIC 3188,2 Beds,1 Bath,1 Parking,NG
"$950,000 - $1,045,000","11/786 Esplanade,",MORNINGTON VIC 3931,2 Beds,2 Baths,1 Parking,NG
"$460,000 - $490,000","2/39 Kiora Street,",ALTONA MEADOWS VIC 3028,2 Beds,1 Bath,1 Parking,NG
"$510,000","107/35 Tennyson Street,",HIGHETT VIC 3190,2 Beds,1 Bath,1 Parking,NG
"$660,000-$680,000","2/36 Thornton Street,",MACLEOD VIC 3085,2 Beds,1 Bath,1 Parking,NG
"Private Sale $629,000","205/137-143 Noone Street,",CLIFTON HILL VIC 3068,2 Beds,2 Baths,1 Parking,NG
"$490,000 - $539,000","4/24 Sherwood Avenue,",CHELSEA VIC 3196,2 Beds,1 Bath,1 Parking,NG
"Private Sale $635,000","107/82 Canning Street,",CARLTON VIC 3053,2 Beds,2 Baths,1 Parking,NG
"$595,000","209/21-25 Nicholson Street,",BENTLEIGH VIC 3204,2 Beds,1 Bath,1 Parking,NG
"Private Sale $485,000","5313/185 Weston Street,",BRUNSWICK EAST VIC 3057,2 Beds,1 Bath,1 Parking,NG
Contact Agent,"1711/45 Haig Street,",SOUTHBANK VIC 3006,3 Beds,2 Baths,2 Parking,NG
"$720,000-$760,000","408/87 Mount Street,",HEIDELBERG VIC 3084,2 Beds,2 Baths,1 Parking,NG
"$545,000-$565,000","8/2 Alfriston Street,",ELWOOD VIC 3184,2 Beds,1 Bath,1 Parking,NG
"$535,000 - $575,000","607/18 Malone Street,",GEELONG VIC 3220,2 Beds,1 Bath,1 Parking,NG
"$590,000 - $620,000","102/3 Elliott Avenue,",CARNEGIE VIC 3163,2 Beds,2 Baths,1 Parking,NG
"$489,000 - $519,900","705/338 Kings Way,",SOUTH MELBOURNE VIC 3205,2 Beds,1 Bath,1 Parking,NG
"$395,000 - $405,000","3/5 Meek Street,",WERRIBEE VIC 3030,3 Beds,1 Bath,1 Parking,178m
"$675,000","207/13-15 Hamilton Street,",BENTLEIGH VIC 3204,2 Beds,2 Baths,1 Parking,86m
"$675,000","207/88 Dow Street,",PORT MELBOURNE VIC 3207,2 Beds,1 Bath,1 Parking,NG
"$695,000","613/45 Haig Street,",SOUTHBANK VIC 3006,2 Beds,2 Baths,1 Parking,NG
"$750,000","114/9 Waterfront Place,",SAFETY BEACH VIC 3936,2 Beds,2 Baths,2 Parking,NG
"Private Sale $659,000","103/372 Johnston Street,",ABBOTSFORD VIC 3067,2 Beds,2 Baths,1 Parking,NG
"$680,000 - $740,000","16/27 Green Island Avenue,",MOUNT MARTHA VIC 3934,3 Beds,2 Baths,2 Parking,NG
"$520,000 - $570,000","107E/8 Burnley Street,",RICHMOND VIC 3121,2 Beds,1 Bath,1 Parking,NG
"$580,000","2/75 Drummond Street,",CARLTON VIC 3053,2 Beds,1 Bath,1 Parking,NG
Contact Agent,"33/70 Albert Road,",SOUTH MELBOURNE VIC 3205,2 Beds,2 Baths,2 Parking,NG
"Private Sale $600,000","1/14 Mccoll Court,",BRUNSWICK WEST VIC 3055,2 Beds,1 Bath,1 Parking,NG
"Private Sale $830,000","428/220 Bay Road,",SANDRINGHAM VIC 3191,2 Beds,2 Baths,1 Parking,NG
For Sale,"206/29-31 Swindon Road,",HUGHESDALE VIC 3166,2 Beds,2 Baths,1 Parking,NG
"$280,000-$300,000","11/99 McCrae street,",DANDENONG VIC 3175,2 Beds,1 Bath,1 Parking,NG
"$549,000","320/74 Queens Road,",MELBOURNE 3004 VIC 3004,2 Beds,2 Baths,1 Parking,NG
"$400,000 - $440,000","1/22 Hughes Crescent,",DANDENONG NORTH VIC 3175,2 Beds,1 Bath,1 Parking,NG
"$599,500 - $609,500","7/1 ST GEORGES AVENUE,",BENTLEIGH EAST VIC 3165,2 Beds,2 Baths,1 Parking,78m
"Private Sale $679,000","409v/162 Albert Street,",EAST MELBOURNE VIC 3002,2 Beds,1 Bath,1 Parking,NG
"$645,000","209/25 Alma Road,",ST KILDA VIC 3182,2 Beds,2 Baths,1 Parking,NG
"$510,000","717/1 Lygon  Street,",BRUNSWICK VIC 3056,2 Beds,1 Bath,1 Parking,NG
"$610,000","106/10-14 Hope Street,",BRUNSWICK VIC 3056,2 Beds,2 Baths,1 Parking,NG
"$250,000-$270,000","13/116 Princes Highway,",DANDENONG VIC 3175,2 Beds,1 Bath,1 Parking,NG
"Private Sale $445,000","108/44 Brunswick Street,",FITZROY VIC 3065,2 Beds,1 Bath,1 Parking,NG
Contact Agent,"105/1217 Centre Road,",OAKLEIGH SOUTH VIC 3167,2 Beds,2 Baths,1 Parking,NG
"Private Sale $525,000","4004/189 Weston Street,",BRUNSWICK EAST VIC 3057,2 Beds,1 Bath,1 Parking,NG
"$915,000","9/126 Centre Road,",BRIGHTON EAST VIC 3187,3 Beds,2 Baths,1 Parking,NG
Contact Agent,"1703/50 Albert Road,",SOUTH MELBOURNE VIC 3205,2 Beds,2 Baths,1 Parking,NG
For Sale,"5/2 Edith Street,",DANDENONG VIC 3175,2 Beds,1 Bath,1 Parking,NG
Online Auction,"615/70 Batesford Road,",CHADSTONE VIC 3148,2 Beds,1 Bath,1 Parking,NG
Private Sale,"101/32 Adrian Street,",CHADSTONE VIC 3148,2 Beds,2 Baths,1 Parking,NG
"From $690,000- $1,350,000","1 Lyall Road,",BERWICK VIC 3806,2 Beds,2 Baths,2 Parking,NG
Contact agent,"211/1453-1457 North Road,",CLAYTON VIC 3168,2 Beds,1 Bath,1 Parking,NG
"$350,000 - $385,000","10/98 Kelvinside Road,",NOBLE PARK VIC 3174,3 Beds,1 Bath,1 Parking,NG
Auction,"3/74 James Street,",DANDENONG VIC 3175,2 Beds,1 Bath,1 Parking,NG
"$509,000 - $545,000","G04/16 Lomandra Drive,",CLAYTON SOUTH VIC 3169,2 Beds,2 Baths,1 Parking,NG
Contact agent for details,"1601N/889 Collins Street,",DOCKLANDS VIC 3008,2 Beds,1 Bath,1 Parking,NG
"$495,000 - $530,000","1/134 Warrigal Road,",MENTONE VIC 3194,2 Beds,1 Bath,2 Parking,NG
"$650,000 - $680,000","5/9 Dickens Street,",ELWOOD VIC 3184,2 Beds,1 Bath,1 Parking,NG
"$480,000 - $520,000","2/47 Sylvia Street,",DANDENONG NORTH VIC 3175,2 Beds,2 Baths,1 Parking,NG
"$450,000 - $495,000","1/18 Third Avenue,",DANDENONG NORTH VIC 3175,2 Beds,1 Bath,1 Parking,NG
Contact Agent,"46/62 Wellington Street,",ST KILDA VIC 3182,2 Beds,2 Baths,2 Parking,NG
"$680,000 - $720,000","1/6 Lillimur Road,",ORMOND VIC 3204,2 Beds,1 Bath,2 Parking,NG
"$650,000 - $700,000","5/2 Matthieson Street,",HIGHETT VIC 3190,2 Beds,1 Bath,1 Parking,NG
"$700,000-$770,000","505/1 Lynne Avenue,",WANTIRNA SOUTH VIC 3152,3 Beds,2 Baths,2 Parking,NG
"$395,000 - $430,000","42/35 David Street,",DANDENONG VIC 3175,2 Beds,2 Baths,1 Parking,NG
"$660,000","9.06/288 Albert Street,",BRUNSWICK VIC 3056,2 Beds,2 Baths,1 Parking,NG
"$790,000 - $840,000","304/15 Maude Street,",CHELTENHAM VIC 3192,3 Beds,2 Baths,2 Parking,NG
"$800,000 - $880,000","11/2 Marne Street,",SOUTH YARRA VIC 3141,2 Beds,1 Bath,1 Parking,NG
"$430,000 - $470,000","2/4 Brentford Court,",NOBLE PARK NORTH VIC 3174,2 Beds,1 Bath,1 Parking,411m
"$320,000 - $350,000","3/13 Second Avenue,",DANDENONG NORTH VIC 3175,2 Beds,1 Bath,1 Parking,101m
"Private Sale $795,000","1205e/9 Robert Street,",COLLINGWOOD VIC 3066,2 Beds,2 Baths,1 Parking,NG
"$780,000 - $825,000","204/356 Barkly Street,",ELWOOD VIC 3184,2 Beds,2 Baths,1 Parking,NG
"$440,000 - $480,000","39/48-52 Ellen Street,",SPRINGVALE VIC 3171,2 Beds,1 Bath,1 Parking,NG
"$710,000 - $760,000","7/36 The Avenue,",BALACLAVA VIC 3183,2 Beds,1 Bath,1 Parking,NG
Contact Agent,"7/195 Brighton Road,",ELWOOD VIC 3184,2 Beds,1 Bath,1 Parking,NG
"$365,000","8/59-73 Gladesville Blvd,",PATTERSON LAKES VIC 3197,2 Beds,1 Bath,1 Parking,NG
"$639,000","407/7 Belford Street,",ST KILDA VIC 3182,2 Beds,2 Baths,1 Parking,NG
"$530,000-$560,000","2/92 Barkly Street,",ST KILDA VIC 3182,2 Beds,1 Bath,1 Parking,NG
"$530,000 -$580,000","6/197 Lennox Street,",RICHMOND VIC 3121,2 Beds,1 Bath,1 Parking,NG
"$500,000 - $550,000","504/1 Lynne Avenue,",WANTIRNA SOUTH VIC 3152,2 Beds,2 Baths,1 Parking,NG
"$625,000-$675,000","407/1 Dyer Street,",RICHMOND VIC 3121,2 Beds,1 Bath,1 Parking,NG
"Private Sale $919,000","106/416 Gore Street,",FITZROY VIC 3065,2 Beds,1 Bath,1 Parking,NG
Contact Agent,"11/1 Karrakatta Street,",BLACK ROCK VIC 3193,2 Beds,2 Baths,1 Parking,NG
Auction,"18/5-7 Collocott Street,",MORDIALLOC VIC 3195,2 Beds,1 Bath,2 Parking,NG
Expressions of Interest,"104/1a Paxton Street,",MALVERN EAST VIC 3145,2 Beds,1 Bath,1 Parking,NG
"$380,000 - $405,000","2/5 Meek Street,",WERRIBEE VIC 3030,2 Beds,1 Bath,1 Parking,141m
"Auction $780,000 - $820,000","4/108 Cambridge Street,",COLLINGWOOD VIC 3066,2 Beds,1 Bath,2 Parking,NG
"$370,000 - $399,000","2/15 Lecky  Street,",CRANBOURNE VIC 3977,3 Beds,1 Bath,1 Parking,NG
Expressions of Interest,"105/25 Trent Street,",GLEN IRIS VIC 3146,2 Beds,2 Baths,2 Parking,NG
"$609,000","230/20 Shamrock Street,",ABBOTSFORD VIC 3067,2 Beds,2 Baths,1 Parking,NG
"$490,000-$530,000","103/88 Cade Way,",PARKVILLE VIC 3052,2 Beds,2 Baths,1 Parking,NG
"$670,000 - $690,000","160/73 River Street,",RICHMOND VIC 3121,2 Beds,2 Baths,2 Parking,NG
Contact Agent,"6/369 Abbotsford Street,",NORTH MELBOURNE VIC 3051,2 Beds,1 Bath,1 Parking,NG
"$420,000 - $440,000","58a Barbara Avenue,",DANDENONG NORTH VIC 3175,2 Beds,1 Bath,1 Parking,320m
"$600,000 - $630,000","108/25 Nicholson Street,",BENTLEIGH VIC 3204,2 Beds,2 Baths,1 Parking,NG
"$495,000 - $540,000","1/27 Pryor Street,",ELTHAM VIC 3095,2 Beds,1 Bath,1 Parking,128m
"$460,000 - $490,000","1/13 Vizard Street,",DANDENONG VIC 3175,3 Beds,1 Bath,1 Parking,371m
Private Sale,"2/10 Moira Grove,",GLEN WAVERLEY VIC 3150,2 Beds,1 Bath,2 Parking,NG
"$470,000-$510,000","64 Rebecca Street,",DOVETON VIC 3177,3 Beds,1 Bath,2 Parking,315m
"$525,000 - $555,000","3/5 Reserve Road,",GROVEDALE VIC 3216,3 Beds,2 Baths,2 Parking,365m
$395 - $420k,"5/205 Mason Street,",NEWPORT VIC 3015,2 Beds,1 Bath,1 Parking,NG
"$599,000 after incentives","G09/1058-1060 Doncaster Road,",DONCASTER EAST VIC 3109,2 Beds,2 Baths,1 Parking,NG
"Private Sale $859,000","23/86 Burnley Street,",RICHMOND VIC 3121,3 Beds,2 Baths,2 Parking,NG
"$430,000 - $473,000","103/436 Stud Road,",WANTIRNA SOUTH VIC 3152,2 Beds,2 Baths,1 Parking,NG
Contact Agent,"208/1 Langs Road,",ASCOT VALE VIC 3032,2 Beds,1 Bath,1 Parking,NG
"$375,000 - $395,000","9/34 Beetham Parade,",ROSANNA VIC 3084,2 Beds,1 Bath,1 Parking,NG
"Private Sale $405,000 - $418,000","302/28-30 Warwick Avenue,",SPRINGVALE VIC 3171,2 Beds,1 Bath,1 Parking,NG
$770k - $790k,"410/25 Windsor Terrace,",WILLIAMSTOWN VIC 3016,2 Beds,1 Bath,1 Parking,NG
"$840,000 - $900,000","302/3 Elliott Avenue,",CARNEGIE VIC 3163,3 Beds,2 Baths,2 Parking,NG
"$590,000-$630,000","226/253 Bridge Road,",RICHMOND VIC 3121,2 Beds,1 Bath,1 Parking,NG
Contact Agent,"104/27 Lansdowne Road,",ST KILDA EAST VIC 3183,2 Beds,1 Bath,1 Parking,NG
"$530,000 - $580,000","212/173-177 Barkly Street,",ST KILDA VIC 3182,2 Beds,1 Bath,1 Parking,NG
"$439,000","103b/8 Grosvenor Street,",ABBOTSFORD VIC 3067,2 Beds,1 Bath,1 Parking,NG
"$899,000","1/25 Larnook Street,",PRAHRAN VIC 3181,2 Beds,1 Bath,1 Parking,NG
"Private Sale $649,000","104/139 Noone Street,",CLIFTON HILL VIC 3068,2 Beds,2 Baths,1 Parking,NG
"$730,000 - $770,000","3/4 John Street,",ELWOOD VIC 3184,3 Beds,1 Bath,1 Parking,NG
"$620,000 to $645,000","G11/339 Burnley Street,",RICHMOND VIC 3121,2 Beds,1 Bath,1 Parking,NG
"$499,000 to $525,000 PRIVATE INSPECTION AVAILABLE","2603/36 La Trobe Street,",MELBOURNE VIC 3000,2 Beds,1 Bath, Parking,NG
"$775,000","5/16 Charnwood Road,",ST KILDA VIC 3182,2 Beds,1 Bath,1 Parking,NG
"Private Sale $450,000","611/11 Flockhart Street,",ABBOTSFORD VIC 3067,2 Beds,1 Bath,1 Parking,NG
"Private Sale $619,000","7/678 Lygon Street,",CARLTON NORTH VIC 3054,2 Beds,1 Bath,1 Parking,NG
"$750,000 All reasonable offers considered","108/7 Cowra Street,",BRIGHTON VIC 3186,2 Beds,2 Baths,1 Parking,NG
"$750,000 - $798,000","801/12 Yarra Street,",SOUTH YARRA VIC 3141,2 Beds,2 Baths,1 Parking,NG
"Private Sale $579,000","103/85 Hutton Street,",THORNBURY VIC 3071,2 Beds,2 Baths,1 Parking,NG
"$795,000","6/95 Wilson Street,",BRIGHTON VIC 3186,2 Beds,1 Bath,1 Parking,NG
"Private Sale $575,000","506/8 Breavington Way,",NORTHCOTE VIC 3070,2 Beds,1 Bath,1 Parking,NG
Contact Agent,"12/35 Pickett Street,",FOOTSCRAY VIC 3011,2 Beds,1 Bath,1 Parking,NG
Contact Agent,"604/6B Evergreen Mews,",ARMADALE VIC 3143,2 Beds,2 Baths,2 Parking,NG
"Private Sale $729,000","G05/208 Lower Heidelberg Road,",IVANHOE EAST VIC 3079,2 Beds,1 Bath,1 Parking,NG
"Private Sale $605,000","11/37 Staley Street,",BRUNSWICK VIC 3056,2 Beds,1 Bath,1 Parking,NG
"$680,000-$695,000","2/6 Scott Street,",ELWOOD VIC 3184,2 Beds,1 Bath,1 Parking,NG
"Private Sale $975,000","204/61 Rose Street,",FITZROY VIC 3065,2 Beds,2 Baths,1 Parking,NG
"$375,000 - $410,000","15A Wattle Drive,",DOVETON VIC 3177,3 Beds,1 Bath,2 Parking,NG
"$420,000 - $460,000","17/43 Doveton Ave,",EUMEMMERRING VIC 3177,2 Beds,1 Bath,1 Parking,NG
"Private Sale $590,000","6/105 Grange Road,",FAIRFIELD VIC 3078,2 Beds,1 Bath,1 Parking,NG
"Private Sale $635,000","1/184 Normanby Avenue,",THORNBURY VIC 3071,2 Beds,1 Bath,1 Parking,NG
"$600,000 - $650,000","201/1615 Malvern Road,",GLEN IRIS VIC 3146,2 Beds,1 Bath,1 Parking,NG
"$585,000","411/181 Exhibition Street,",MELBOURNE VIC 3000,2 Beds,1 Bath,1 Parking,NG
"$660,000","202/204-206 Lower Heidelberg Road,",IVANHOE EAST VIC 3079,2 Beds,2 Baths,1 Parking,NG
Must Be Sold!!!,"8/4 Albert Avenue,",OAKLEIGH VIC 3166,2 Beds,1 Bath,1 Parking,NG
"$360,000 - $395,000","609/157 Lonsdale Street,",DANDENONG VIC 3175,2 Beds,2 Baths,1 Parking,NG
"$360,000 - $396,000","505/28-30 Warwick Avenue,",SPRINGVALE VIC 3171,2 Beds,1 Bath,1 Parking,NG
"$780,000 to $840,000","1/13 Edwardes Street,",BERWICK VIC 3806,2 Beds,2 Baths,1 Parking,NG
"$465000 - $495,000","23/49 Haines Street,",NORTH MELBOURNE VIC 3051,2 Beds,1 Bath,1 Parking,NG
"$680,000-$740,000","6 Bank Road,",EDITHVALE VIC 3196,2 Beds,2 Baths,1 Parking,NG
"$280,000-$300,000","3/79 Potter Street,",DANDENONG VIC 3175,2 Beds,1 Bath, Parking,NG
Contact Agent,"1-17/66 Waterloo Road,",NORTHCOTE VIC 3070,2 Beds,2 Baths,1 Parking,NG
"$825,000 - $850,000","607E/126 Rouse Street,",PORT MELBOURNE VIC 3207,2 Beds,2 Baths,1 Parking,NG
"$579,000","306/101 St Kilda Road,",ST KILDA VIC 3182,2 Beds,2 Baths,1 Parking,NG
2 Apartments to Choose from!,"2&15/12-16 Carrum Street,",MALVERN EAST VIC 3145,2 Beds,2 Baths,1 Parking,NG
"Private Sale $599,000","206/443 Upper Heidelberg,",IVANHOE VIC 3079,2 Beds,2 Baths,1 Parking,NG
"Private Sale $569,000","1001/551 Swanston Street,",CARLTON VIC 3053,2 Beds,2 Baths,1 Parking,NG
"$430,000 - $450,000","328/70 Batesford Road,",CHADSTONE VIC 3148,2 Beds,1 Bath,1 Parking,NG
"SALE FROM $450,000-$475,000","202/5-7 Dixon Street,",CLAYTON VIC 3168,2 Beds,1 Bath,1 Parking,NG
Contact Agent,"67 Katrina Street,",BLACKBURN NORTH VIC 3130,2 Beds,2 Baths,1 Parking,NG
"For Sale $390,000 - $420,000","24/1324 Centre Road,",CLAYTON SOUTH VIC 3169,2 Beds,1 Bath,1 Parking,NG
PRIVATE SALE!,"309,116/1728 Dandenong Road,",CLAYTON VIC 3168,2 Beds,1 Bath, Parking,NG
Contact agent,"103/1728 Dandenong Road,",CLAYTON VIC 3168,2 Beds,1 Bath,1 Parking,NG
"$690,000","1/19 Livingstone Street,",IVANHOE VIC 3079,2 Beds,1 Bath,1 Parking,NG
"$690,000","2206/50 Lorimer Street,",DOCKLANDS VIC 3008,2 Beds,1 Bath,1 Parking,87m
"$510,000 - $560,000","2/799 Burwood Road,",HAWTHORN EAST VIC 3123,2 Beds,1 Bath,1 Parking,NG
"$480,000 - $510,000","7/9 Hewitt Avenue,",FOOTSCRAY VIC 3011,2 Beds,1 Bath,1 Parking,NG
Expressions of Interest - Apartment and Shop,"103/1024 Mt Alexander Road,",ESSENDON VIC 3040,2 Beds,1 Bath,2 Parking,NG
"$595,000 - $650,000","2/1 Crown Avenue,",MORDIALLOC VIC 3195,2 Beds,1 Bath,1 Parking,NG
"$730,000 - $800,000","1/85 Pleasant Road,",HAWTHORN EAST VIC 3123,2 Beds,2 Baths,1 Parking,NG
Contact Agent,"302/20 Camberwell Road,",HAWTHORN EAST VIC 3123,2 Beds,2 Baths,1 Parking,NG
"$395,000 - $420,000","10/74 Barrabool Road,",HIGHTON VIC 3216,2 Beds,1 Bath,2 Parking,261m
"$590,000 - $630,000","406/88 Trenerry Crescent,",ABBOTSFORD VIC 3067,2 Beds,2 Baths,1 Parking,NG
"$590,000 - $645,000","609/636 High Street,",THORNBURY VIC 3071,2 Beds,2 Baths,1 Parking,NG
"Private Sale $520,000","104/30 La Scala Avenue,",MARIBYRNONG VIC 3032,2 Beds,2 Baths,1 Parking,NG
"$500,000 - $550,000","1003/5 Sutherland Street,",MELBOURNE VIC 3000,2 Beds,2 Baths, Parking,NG
"$369,000 - $399,000","1/23 Francis Street,",BELMONT VIC 3216,2 Beds,1 Bath,2 Parking,NG
"$430,000 - $440,000","4/28 Bishop Street,",KINGSVILLE VIC 3012,2 Beds,1 Bath,1 Parking,NG
Auction - Feb 20th @ 11am,"2/4 Meryl Street,",DONCASTER EAST VIC 3109,3 Beds,2 Baths,1 Parking,NG
"$430,000 - $470,000","40/17 Eucalyptus Drive,",MAIDSTONE VIC 3012,2 Beds,2 Baths,1 Parking,NG
"$550,000 to $600,000","3/30 Chesterville Road,",CHELTENHAM VIC 3192,2 Beds,1 Bath,1 Parking,NG
"$490,000","35/2 Horizon Drive,",MARIBYRNONG VIC 3032,2 Beds,2 Baths,2 Parking,NG
Contact Agent,"5/64 Para Road,",MONTMORENCY VIC 3094,2 Beds,1 Bath,1 Parking,NG
"$550,000 - $595,000","2/66 Blyth Street,",ALTONA VIC 3018,2 Beds,1 Bath,1 Parking,165m
"$339,000 - $369,000","2/74 Barrabool Road,",HIGHTON VIC 3216,2 Beds,1 Bath,1 Parking,NG
"Private Sale $570,000","4/1260 Glen Huntly Road,",CARNEGIE VIC 3163,2 Beds,1 Bath,1 Parking,NG
"$680,000 - $740,000","1/34 Marchiori Road,",BLACKBURN NORTH VIC 3130,2 Beds,1 Bath,1 Parking,246m
"$740,000-$780,000","3/141 Marshall Street,",IVANHOE VIC 3079,2 Beds,1 Bath,1 Parking,NG
"$450,000 - $495,000","4/12 Grange Road,",ALPHINGTON VIC 3078,2 Beds,1 Bath,1 Parking,NG
"$900,000 - $950,000","8/14 Fewster Rd,",HAMPTON VIC 3188,3 Beds,1 Bath,2 Parking,NG
"$450,000  - $495,000","115/35 Plenty Road,",PRESTON VIC 3072,2 Beds,2 Baths,1 Parking,NG
"$670,000 - $710,000","7/65 Stawell Street,",RICHMOND VIC 3121,2 Beds,1 Bath,1 Parking,NG
"$620,000 to $680,000","24/12-14 Venice Street,",MENTONE VIC 3194,2 Beds,1 Bath, Parking,NG
"$680,000 - $720,000","202/22 Peel Street,",COLLINGWOOD VIC 3066,2 Beds,2 Baths,1 Parking,NG
"$580,000 - $630,000","5/310 Mansfield Street,",THORNBURY VIC 3071,2 Beds,1 Bath,1 Parking,NG
"Private Sale $565,000 - $595,000","1608/2 Claremont Street,",SOUTH YARRA VIC 3141,2 Beds,2 Baths,1 Parking,NG
"$480,000 - $528,000","15/2 Arthur Street,",PRESTON VIC 3072,2 Beds,1 Bath,1 Parking,NG
PRIVATE SALE,"Unit 109/437 Bay St,",BRIGHTON VIC 3186,2 Beds,2 Baths,1 Parking,NG
"$549,950","1/297 Jasper Road,",ORMOND VIC 3204,2 Beds,1 Bath,1 Parking,NG
"$700,000 - $750,000","103/108 Haines  Street,",NORTH MELBOURNE VIC 3051,2 Beds,2 Baths,1 Parking,NG
"$680,000 - $710,000","98/632 St Kilda Road,",MELBOURNE 3004 VIC 3004,2 Beds,1 Bath,1 Parking,NG
"$619,000","301/1443 Dandenong Road,",MALVERN EAST VIC 3145,2 Beds,2 Baths,1 Parking,NG
"$699,000","201/1443 Dandenong Road,",MALVERN EAST VIC 3145,2 Beds,2 Baths,1 Parking,NG
"$685,000","103/1443 Dandenong Road,",MALVERN EAST VIC 3145,2 Beds,2 Baths,1 Parking,NG
"$600,000 - $650,000","3/89 Kangaroo Road,",HUGHESDALE VIC 3166,2 Beds,1 Bath,1 Parking,NG
Contact Agent,"512/1 Acacia Place,",ABBOTSFORD VIC 3067,2 Beds,2 Baths,3 Parking,NG
THE DEAL: $630k - $670k,"201/74 Queens Road,",MELBOURNE 3004 VIC 3004,2 Beds,2 Baths,1 Parking,NG
"$550,000 - $580,000","1/245-249 Nicholson Street,",SEDDON VIC 3011,2 Beds,1 Bath,1 Parking,NG
Contact Agent,"10/184 Albert Road,",SOUTH MELBOURNE VIC 3205,2 Beds,2 Baths,2 Parking,NG
"$430,000 - $470,000","5/26 Eumeralla Road,",CAULFIELD SOUTH VIC 3162,2 Beds,1 Bath,1 Parking,NG
Contact Agent,"7/5 Robe Street,",ST KILDA VIC 3182,2 Beds,1 Bath,1 Parking,NG
Private Sale By Negotiation,"25 Lockwood Court,",FRASER RISE VIC 3336,2 Beds,2 Baths,1 Parking,NG
"$650,000","508/1 Danks Street,",PORT MELBOURNE VIC 3207,2 Beds,1 Bath,1 Parking,NG
Private Sale By Negotiation,"6/22 Irvine Street,",DEER PARK VIC 3023,2 Beds,1 Bath,1 Parking,NG
"$750,000 - $825,000","210/555 St Kilda Road,",MELBOURNE 3004 VIC 3004,2 Beds,2 Baths,1 Parking,NG
"$530,000 - $583,000","18/40 Upton Road,",PRAHRAN VIC 3181,2 Beds,1 Bath, Parking,NG
"$640,000 - $670,000","2/126 Centre Road,",BRIGHTON EAST VIC 3187,2 Beds,1 Bath,1 Parking,NG
"$500,000 - $550,000","4/14 Miller Street,",PRAHRAN VIC 3181,2 Beds,1 Bath,1 Parking,NG
"$410,000 - $450,000","17/8 Crefden Street,",MAIDSTONE VIC 3012,2 Beds,1 Bath,1 Parking,NG
"$3990,000 - $4290000","2/97 Greens Road,",WYNDHAM VALE VIC 3024,3 Beds,2 Baths,1 Parking,NG
"$900,000 - $930,000","414/88 Trenerry Crescent,",ABBOTSFORD VIC 3067,2 Beds,2 Baths,2 Parking,NG
"$850,000 - $900,000","1104/81 South Wharf Drive,",DOCKLANDS VIC 3008,2 Beds,2 Baths,1 Parking,NG
"$700,000 - $770,000","2/9 Macgowan Avenue,",GLEN HUNTLY VIC 3163,2 Beds,1 Bath,1 Parking,720m
"$600,000 to $660,000","3/60 Turner Road,",HIGHETT VIC 3190,2 Beds,2 Baths,1 Parking,NG
"$720,000 - $790,000","106/636 High Street,",THORNBURY VIC 3071,3 Beds,2 Baths,2 Parking,NG
"$520,000 - $540,000","614/6 Station Street,",MOORABBIN VIC 3189,2 Beds,2 Baths,1 Parking,82m
"$600,000 - $650,000","4/32 Queens Road,",MELBOURNE 3004 VIC 3004,2 Beds,1 Bath,1 Parking,NG
"$735,000 - $775,000 | Auction 6th Feb @1.30pm","1/3 Rae Street,",CHADSTONE VIC 3148,3 Beds,1 Bath,2 Parking,285m
"$399,000 - $438,000","2/148 South Valley Road,",HIGHTON VIC 3216,2 Beds,1 Bath,1 Parking,NG
"$550,000 - $600,000","2/6 Riviera Street,",MENTONE VIC 3194,2 Beds,1 Bath,1 Parking,NG
"$570,000-$620,000","30/114 Mason Street,",NEWPORT VIC 3015,2 Beds,2 Baths,2 Parking,NG
"$520,000 - $570,000","193/28 Little Lonsdale  Street,",MELBOURNE VIC 3000,2 Beds,1 Bath,1 Parking,NG
Contact Agent,"2/4 Greenbelt Avenue,",PRESTON VIC 3072,2 Beds,1 Bath,2 Parking,NG
"$650,000 - $715,000","2/30-32 Dare Street,",OCEAN GROVE VIC 3226,2 Beds,1 Bath,1 Parking,NG
Contact Agent,"502/9 Red Hill Terrace,",DONCASTER EAST VIC 3109,2 Beds,1 Bath,1 Parking,NG
"$420,000 - $460,000","3/110 Maribyrnong Road,",MOONEE PONDS VIC 3039,2 Beds,1 Bath,1 Parking,NG
"$480,000 - $495,000","3/58 La Scala  Avenue,",MARIBYRNONG VIC 3032,2 Beds,2 Baths,1 Parking,NG
"$450,000 - $490,000","14/30 Lillimur Road,",ORMOND VIC 3204,2 Beds,1 Bath,1 Parking,NG
"$780,000 - $820,000","G02/187-195 Graham  Street,",PORT MELBOURNE VIC 3207,2 Beds,1 Bath,1 Parking,NG
"$530,000 - $580,000","10/154 Alma Road,",ST KILDA EAST VIC 3183,2 Beds,1 Bath,1 Parking,NG
"$780,000 - $830,000","1/12 Richard Street,",BENTLEIGH EAST VIC 3165,3 Beds,1 Bath,1 Parking,NG
AUCTION SATURDAY 6 MARCH AT 11.00AM,"Unit 4/253 New St,",BRIGHTON VIC 3186,2 Beds,1 Bath,1 Parking,NG
"$880,000 - $920,000","7/5-7 Napoleon Street,",COLLINGWOOD VIC 3066,2 Beds,2 Baths,2 Parking,NG
"$730,000 - $800,000","5/15 Booran Road,",CAULFIELD VIC 3162,2 Beds,1 Bath,1 Parking,NG
"$480,000 - $520,000","3/21 Lillimur Road,",ORMOND VIC 3204,2 Beds,1 Bath,1 Parking,NG
"ESR $630,000 - $690,000","3/30 George Street,",GLENROY VIC 3046,3 Beds,2 Baths,2 Parking,208m
"$540,000 - $590,000","502/495 Rathdowne Street,",CARLTON VIC 3053,2 Beds,1 Bath,1 Parking,NG
"$590,000 - $620,000","210/300 Swanston Street,",MELBOURNE VIC 3000,2 Beds,1 Bath,1 Parking,NG
"$435,000","201/32 La Scala Avenue,",MARIBYRNONG VIC 3032,2 Beds,1 Bath,1 Parking,NG
"$830,000 to $880,000","18/117 Caroline Street,",SOUTH YARRA VIC 3141,2 Beds,1 Bath,1 Parking,NG
Contact Agent,"9/27 Green Island Avenue,",MOUNT MARTHA VIC 3934,4 Beds,2 Baths,2 Parking,NG
"$440,000-$460,000","304/11 Central Avenue,",MOORABBIN VIC 3189,2 Beds,2 Baths,1 Parking,NG
AUCTION SATURDAY 20 FEBRUARY AT 12.00PM,"Unit 1/4 Lydia St,",BENTLEIGH VIC 3204,3 Beds,1 Bath,1 Parking,NG
"ESR $595,000 - $615,000","1/24 Barbara Street,",HADFIELD VIC 3046,2 Beds,1 Bath,2 Parking,244m
Contact Agent,"605/360 Lygon Street,",BRUNSWICK VIC 3056,2 Beds,1 Bath,1 Parking,NG
"Private Sale $640,000 - $695,000","4/646 Warrigal Road,",OAKLEIGH SOUTH VIC 3167,2 Beds,1 Bath,1 Parking,NG
"$845,000","503/148 Wells Street,",SOUTH MELBOURNE VIC 3205,3 Beds,2 Baths,2 Parking,NG
"Private Sale $599,000","4/15 Bent Street,",BENTLEIGH VIC 3204,2 Beds,2 Baths,1 Parking,NG
"$439,000","9/1126 North Road,",BENTLEIGH EAST VIC 3165,2 Beds,1 Bath,1 Parking,NG
"$350,000","19/11 Kent Street,",BRAYBROOK VIC 3019,2 Beds,1 Bath,1 Parking,NG
"$530,000 - $580,000","2/29 Arthur Street,",COBURG VIC 3058,2 Beds,1 Bath,1 Parking,NG
Contact Agent,"1/279 New Street,",BRIGHTON VIC 3186,2 Beds,1 Bath,1 Parking,93m
"$390,000 - $420,000","1/38 Clarke Avenue,",BELMONT VIC 3216,2 Beds,1 Bath,1 Parking,NG
"$580,000 - $625,000","203/144 Queens Parade,",FITZROY NORTH VIC 3068,2 Beds,2 Baths,1 Parking,NG
"$439,000","1/17-19 Barramundi Ave,",SMITHS BEACH VIC 3922,3 Beds,1 Bath,1 Parking,311m
"$330,000 - $363,000","12/149A Princes Highway,",DANDENONG VIC 3175,2 Beds,2 Baths,1 Parking,NG
"$159,500","27/325 Nepean Highway,",FRANKSTON VIC 3199,2 Beds,1 Bath,1 Parking,NG
"$450,000 - $475,000","16/170-172 St Kilda Road,",ST KILDA VIC 3182,2 Beds,1 Bath,1 Parking,NG
"$440,000 - $470,000","11/69 Carroll Crescent,",GLEN IRIS VIC 3146,2 Beds,1 Bath,1 Parking,NG
"$495,000","22/200 Smithfield Road,",FLEMINGTON VIC 3031,3 Beds,1 Bath,1 Parking,NG
"$899,000","7106/462 Elizabeth Street,",MELBOURNE VIC 3000,3 Beds,2 Baths,1 Parking,NG
"ESP $510,000-$560,000","110/124 Palmerston Street,",CARLTON VIC 3053,2 Beds,1 Bath, Parking,NG
Contact Agent,"3/1789-1793 Malvern Road,",GLEN IRIS VIC 3146,2 Beds,2 Baths,1 Parking,NG
"$380,000 - $410,000","2/10 Myuna Street,",LEOPOLD VIC 3224,2 Beds,1 Bath,1 Parking,NG
"$420,000 - $450,000","5/31 Brooklyn Avenue,",FRANKSTON VIC 3199,2 Beds,1 Bath,1 Parking,NG
"$700,000 - $750,000","3/301 Dandenong Road,",PRAHRAN VIC 3181,3 Beds,1 Bath,1 Parking,NG
"$550,000 - $600,000","11/28 Clifton Street,",PRAHRAN VIC 3181,2 Beds,1 Bath,1 Parking,NG
"$750,000 - $825,000","8/78 Horace Street,",MALVERN VIC 3144,2 Beds,2 Baths,1 Parking,NG
"$640,000 - $690,000","507/28 Riddell Parade,",ELSTERNWICK VIC 3185,2 Beds,2 Baths,1 Parking,NG
"$859,000","201/172 Lennox Street,",RICHMOND VIC 3121,2 Beds,2 Baths,1 Parking,NG
"$530,000 - $560,000","208/71 Henry Street,",KENSINGTON VIC 3031,2 Beds,2 Baths,1 Parking,NG
Contact Agent,"8/20-22 Bent Street,",MALVERN EAST VIC 3145,2 Beds,1 Bath,1 Parking,NG
"$399,000 - $429,000","4/75-77 Alkira Avenue,",NORLANE VIC 3214,3 Beds,2 Baths,1 Parking,NG
Price on Application,"512/1 Bouverie Street,",CARLTON VIC 3053,2 Beds,2 Baths,1 Parking,NG
Expressions of interest,"7/1421 High Street,",GLEN IRIS VIC 3146,2 Beds,1 Bath,1 Parking,NG
From $358K Off Plan Apartment,CLAYTON VIC 3168,NG,2 Beds,2 Baths,1 Parking,NG
Contact Agent,"90B Tyler Street,",PRESTON VIC 3072,3 Beds,2 Baths,2 Parking,NG
"$550,000 to $600,000","1620/555 Swanston Street,",CARLTON VIC 3053,2 Beds,1 Bath, Parking,NG
"$450,000 - $485,000","20/8 Hannah Street,",SEAFORD VIC 3198,3 Beds,1 Bath,1 Parking,NG
Contact Agent,"3513/220 Spencer Street,",MELBOURNE VIC 3000,2 Beds,2 Baths,1 Parking,NG
Private Sale,"Apartment 5M/2 Village Mews,",CAULFIELD NORTH VIC 3161,2 Beds,1 Bath,1 Parking,NG
"$750,000 - $800,000","5/6 Keam Street,",ESSENDON NORTH VIC 3041,3 Beds,2 Baths,2 Parking,NG
"$375,000 - $385,000","2/19 Donvale Drive,",LEOPOLD VIC 3224,2 Beds,1 Bath,1 Parking,168m
Contact Agent,"69 Wood Street,",PRESTON VIC 3072,2 Beds,1 Bath,2 Parking,NG
"$699,000","605/1 Acacia Place,",ABBOTSFORD VIC 3067,2 Beds,2 Baths,1 Parking,NG
Auction,"69/33 La Trobe Street,",MELBOURNE VIC 3000,2 Beds,1 Bath,1 Parking,NG
"ESR: $510,000 - $530,000","19/37 Gregg Street,",DIAMOND CREEK VIC 3089,2 Beds,1 Bath,1 Parking,NG
"$679,000 - $719,000","1/46 Wimmera Avenue,",MANIFOLD HEIGHTS VIC 3218,3 Beds,2 Baths,2 Parking,NG
"$350,000 - $370,000","17/14 Albert Crescent,",ST ALBANS VIC 3021,2 Beds,1 Bath,1 Parking,NG
"$350,000 - $370,000","1/9 Petrie Street,",FRANKSTON VIC 3199,2 Beds,1 Bath,1 Parking,NG
Contact Agent,"313/101 Bay Street,",PORT MELBOURNE VIC 3207,2 Beds,2 Baths,1 Parking,NG
"$550,000 - $600,000","3A/587 Toorak Road,",TOORAK VIC 3142,2 Beds,1 Bath, Parking,NG
"$530,000 - $570,000","204/47 Porter Street,",PRAHRAN VIC 3181,2 Beds,1 Bath,1 Parking,NG
"EOI $630,000 - $660,000","22/77 McCrae Road,",ROSANNA VIC 3084,2 Beds,1 Bath,1 Parking,NG
Contact Agent,"218/22 Barkly Street,",BRUNSWICK EAST VIC 3057,2 Beds,2 Baths,1 Parking,NG
Contact Agent,"1/1 Ellam Court,",MEADOW HEIGHTS VIC 3048,3 Beds,1 Bath,2 Parking,NG
"$585,000","Unit 2502/36 La Trobe St,",MELBOURNE VIC 3000,3 Beds,2 Baths, Parking,NG
"$600,000 - $660,000","2/8 Alicia Street,",HAMPTON VIC 3188,2 Beds,1 Bath,1 Parking,NG
"$490,000 to $539,000","3/338 Lower Plenty Road,",VIEWBANK VIC 3084,2 Beds,1 Bath,1 Parking,NG
"$495,000 - $540,000","8/13 Lewisham Road,",PRAHRAN VIC 3181,2 Beds,1 Bath, Parking,NG
"$650,000 - $700,000","3D/635-643 St Kilda Road,",MELBOURNE 3004 VIC 3004,2 Beds,1 Bath,1 Parking,NG
"$700,000-$750,000","501/200 Toorak Road,",SOUTH YARRA VIC 3141,2 Beds,2 Baths,1 Parking,NG
Contact Agent,"6/18 King Street,",ELSTERNWICK VIC 3185,2 Beds,1 Bath,1 Parking,NG
Auction,"408/118 Dudley Street,",WEST MELBOURNE VIC 3003,2 Beds,1 Bath,1 Parking,NG
CONTACT AGENT,"8/43-51 Rippleside Terrace,",TARNEIT VIC 3029,2 Beds,1 Bath,1 Parking,NG
Auction,"1229/422 Collins Street,",MELBOURNE VIC 3000,2 Beds,1 Bath, Parking,NG
"$550,000","206/5 Greeves Street,",ST KILDA VIC 3182,2 Beds,1 Bath,1 Parking,NG
"$400,000","8/9 Pascoe Street,",PASCOE VALE VIC 3044,2 Beds,1 Bath,1 Parking,NG
Contact Agent,"901/265 Exhibition Street,",MELBOURNE VIC 3000,3 Beds,2 Baths,1 Parking,NG
"ESP $500,000-$550,000","905/33-43 Batman Street,",WEST MELBOURNE VIC 3003,2 Beds,1 Bath,1 Parking,NG
"$450,000 - $480,000","222/8 Railway Road,",CHELTENHAM VIC 3192,2 Beds,1 Bath,1 Parking,NG
"$675,000","302/33 Ryan Street,",FOOTSCRAY VIC 3011,2 Beds,2 Baths,1 Parking,NG
"$575,000","6/185 Francis Street,",YARRAVILLE VIC 3013,2 Beds,1 Bath,2 Parking,NG
"$780,000 - $840,000","10/60 Queens Road,",MELBOURNE 3004 VIC 3004,2 Beds,1 Bath,1 Parking,NG
"$550,000 - $570,000","2/29 Baynton Avenue,",SUNSHINE NORTH VIC 3020,3 Beds,1 Bath,1 Parking,NG
"$540,000 - $560,000","1/29 Baynton Avenue,",SUNSHINE NORTH VIC 3020,3 Beds,1 Bath,1 Parking,NG
"$680,000 - $720,000","1/3 Villiers Street,",FRANKSTON SOUTH VIC 3199,3 Beds,2 Baths,1 Parking,NG
"$590,000 - $640,000","104/2 Roy Street,",GEELONG VIC 3220,4 Beds,2 Baths,2 Parking,NG
Contact Agent,"41/1 Exhibition Street,",MELBOURNE VIC 3000,2 Beds,2 Baths, Parking,NG
"$460,000","2503R/33 Rose Lane,",MELBOURNE VIC 3000,2 Beds,1 Bath, Parking,NG
"$550,000 - $570,000","66/2 Newmarket Way,",FLEMINGTON VIC 3031,2 Beds,1 Bath,1 Parking,NG
"$350,000 - $385,000","1/13 Hall Street,",EPPING VIC 3076,2 Beds,1 Bath, Parking,NG
"$580,000 - $630,000","4/34 Dunstan Street,",FRANKSTON SOUTH VIC 3199,2 Beds,2 Baths,1 Parking,188m
"$570,000 - $610,000","81b Frankston Flinders Road,",FRANKSTON VIC 3199,3 Beds,1 Bath,3 Parking,545m
"$730,000 - $800,000","327/57 Spencer Street,",MELBOURNE VIC 3000,2 Beds,1 Bath, Parking,NG
Contact Agent,"3/51 Glen Street,",GLENROY VIC 3046,2 Beds,1 Bath,2 Parking,NG
"$440,000 - $485,000","2/49-51 Hillcrest Road,",FRANKSTON VIC 3199,2 Beds,1 Bath,1 Parking,NG
"$449,000","612/11 Flockhart Street,",ABBOTSFORD VIC 3067,2 Beds,1 Bath,1 Parking,NG
"$319,000 - $349,000","2/24 Kirkton  Drive,",KURUNJANG VIC 3337,2 Beds,1 Bath,2 Parking,NG
"$770,000 - $810,000","3/25 Grandview Grove,",PRAHRAN VIC 3181,2 Beds,1 Bath,1 Parking,NG
"$568,000","3211/500 Elizabeth Street,",MELBOURNE VIC 3000,2 Beds,2 Baths, Parking,NG
"ESR: $500,000 - $550,000","1/10 Kelvin Grove,",SOUTH MORANG VIC 3752,3 Beds,2 Baths,1 Parking,NG
call Sandeep 0425 289 844,"2103/227 toorak road,",SOUTH YARRA VIC 3141,2 Beds,1 Bath,1 Parking,NG
15 Apartments coming soon!,"1-15/740 High Street Road,",GLEN WAVERLEY VIC 3150,2 Beds,2 Baths,1 Parking,NG
"$695,000","620/7 Claremont Street,",SOUTH YARRA VIC 3141,2 Beds,2 Baths,1 Parking,NG
"$439,000","6/9 Sybella Ave,",KOO WEE RUP VIC 3981,3 Beds,2 Baths,2 Parking,NG
"$435,000 - $475,000","3 Privet Court,",DOVETON VIC 3177,3 Beds,1 Bath,2 Parking,NG
"Private Sale $479,000","214/132 Burnley Street,",RICHMOND VIC 3121,2 Beds,1 Bath,1 Parking,NG
"$660,000","106/63 Acland Street,",ST KILDA VIC 3182,2 Beds,1 Bath,1 Parking,NG
Private Sale $575000,"5410/185 Weston Street,",BRUNSWICK EAST VIC 3057,2 Beds,1 Bath,1 Parking,NG
"$600,000 - $650,000","1/22 Alderney Road,",SPRINGVALE SOUTH VIC 3172,4 Beds,2 Baths,5 Parking,NG
"$495,000 - $539,000","1B Hodge Street,",WERRIBEE VIC 3030,3 Beds,2 Baths,1 Parking,266m
"$429,950","17/95-101 Breens Road,",CRANBOURNE WEST VIC 3977,3 Beds,1 Bath,1 Parking,NG
"$752,000","206/6 Dart Street,",HIGHETT VIC 3190,3 Beds,2 Baths,2 Parking,NG
"$700,000-$720,000","10/22 Bent Street,",BENTLEIGH VIC 3204,2 Beds,2 Baths,1 Parking,NG
"$340,000 - $370,000","13/39 Scott Street,",DANDENONG VIC 3175,2 Beds,1 Bath,1 Parking,NG
Contact Agent,"3B/635 St Kilda Road,",MELBOURNE 3004 VIC 3004,2 Beds,1 Bath,1 Parking,NG
Contact Agent,"201/7 Aspen Street,",MOONEE PONDS VIC 3039,2 Beds,2 Baths,1 Parking,NG
"$500,000 to $550,000","7/9-11 Radcliff Avenue,",CHELTENHAM VIC 3192,2 Beds,1 Bath,1 Parking,NG
"Private Sale $635,000","G2/22 Nicholson Street,",FITZROY NORTH VIC 3068,2 Beds,2 Baths,1 Parking,NG
Contact Agent,"12/233 Burke Road,",GLEN IRIS VIC 3146,2 Beds,2 Baths,1 Parking,NG
"$500,000 - $550,000","1/35 Simmons Street,",SOUTH YARRA VIC 3141,2 Beds,1 Bath,1 Parking,NG
"$695,000","15/18 South Terrace,",CLIFTON HILL VIC 3068,3 Beds,1 Bath,1 Parking,NG
"$469,000 - $499,000","404/18 Malone Street,",GEELONG VIC 3220,2 Beds,1 Bath,1 Parking,NG
"$590,000","2/305 Station Street,",FAIRFIELD VIC 3078,2 Beds,1 Bath,1 Parking,NG
"$790,000- $840,000","101/16 Separation Street,",NORTHCOTE VIC 3070,2 Beds,2 Baths,1 Parking,NG
"$799,000","207/12 Bowlers Avenue,",GEELONG WEST VIC 3218,2 Beds,2 Baths,1 Parking,NG
**ON HOLD**,"1/7 Bickley Court,",SUNSHINE WEST VIC 3020,3 Beds,1 Bath,1 Parking,NG
Contact Agent,"18/10-16 White Street,",GLEN IRIS VIC 3146,2 Beds,1 Bath,1 Parking,NG
"$800,000 - $880,000","1006/480 St Kilda Road,",MELBOURNE 3004 VIC 3004,2 Beds,2 Baths,1 Parking,NG
"$619,500","708/3-5 St Kilda Road,",ST KILDA VIC 3182,2 Beds,2 Baths,1 Parking,NG
"$510,000 - $560,000","402/77 Galada Avenue,",PARKVILLE VIC 3052,2 Beds,2 Baths,1 Parking,NG
"$875,000","2103/14 Kavanagh Street,",SOUTHBANK VIC 3006,3 Beds,3 Baths,2 Parking,NG
"$599,000","413/221 Sturt Street,",SOUTHBANK VIC 3006,2 Beds,1 Bath,1 Parking,NG
Contact Agent,"431/222 Bay Road,",SANDRINGHAM VIC 3191,3 Beds,2 Baths,2 Parking,NG
"$580,000-$638,000","12/28 The Avenue,",PRAHRAN VIC 3181,2 Beds,1 Bath,1 Parking,NG
Contact Agent,"103/771 Toorak Road,",HAWTHORN EAST VIC 3123,2 Beds,2 Baths,1 Parking,NG
"$349,000-$369,000","11/13-15 Fishburn Grove,",HARKNESS VIC 3337,3 Beds,1 Bath,1 Parking,193m
"$420,000 - $450,000","408/37 Station Road,",CHELTENHAM VIC 3192,2 Beds,2 Baths,1 Parking,NG
Contact Agent,"14/4 Wills Street,",GLEN IRIS VIC 3146,2 Beds,1 Bath,1 Parking,NG
"$615,000","12/37 Staley Street,",BRUNSWICK VIC 3056,2 Beds,1 Bath,1 Parking,NG
"$560,000-$595,000","9/4A Duggan Street,",BRUNSWICK WEST VIC 3055,2 Beds,1 Bath,2 Parking,NG
"$590,000 - $630,000","151/75 Graham Road,",HIGHETT VIC 3190,2 Beds,2 Baths,1 Parking,NG
"Private Sale $575,000-$615,000","102/8-10 New Street,",RICHMOND VIC 3121,2 Beds,1 Bath,1 Parking,NG
Contact Agent,"207/55 Bay Street,",PORT MELBOURNE VIC 3207,2 Beds,1 Bath,1 Parking,NG
"$550,000 - $575,000","109/147 Neerim Road,",GLEN HUNTLY VIC 3163,2 Beds,2 Baths,1 Parking,NG
"$599,000","4/144 Hawthorn Road,",CAULFIELD NORTH VIC 3161,2 Beds,1 Bath,1 Parking,NG
"$700,000 - $770,000","181/416A St Kilda Road,",MELBOURNE 3004 VIC 3004,2 Beds,1 Bath,1 Parking,NG
"$565,000","217/28 Swindon Road,",HUGHESDALE VIC 3166,2 Beds,2 Baths,1 Parking,NG
"$545,000 - $585,000","1/5 Wimmera Crescent,",KEILOR DOWNS VIC 3038,3 Beds,1 Bath,1 Parking,NG
"Private Sale $850,000","2/165 Rose Street,",FITZROY VIC 3065,2 Beds,1 Bath,1 Parking,NG
"Expressions of Interest $700,000 - $750,000","105b/64 Breese Street,",BRUNSWICK VIC 3056,2 Beds,1 Bath,1 Parking,NG
"$710,000 - $745,000","9/45 Grenville Street,",HAMPTON VIC 3188,2 Beds,1 Bath,2 Parking,NG
Contact Agent,"1 & 4/11 Cleveland Road,",ASHWOOD VIC 3147,2 Beds,1 Bath,1 Parking,NG
"$879,750","204/8D Evergreen Mews,",ARMADALE VIC 3143,2 Beds,2 Baths,1 Parking,NG
"$749,000","301/44 Bedford Street,",COLLINGWOOD VIC 3066,2 Beds,1 Bath,2 Parking,NG
Contact Agent,"704/5 Evergreen Mews,",ARMADALE VIC 3143,2 Beds,2 Baths,2 Parking,NG
"$540,000","103/90 Buckley Street,",FOOTSCRAY VIC 3011,2 Beds,1 Bath,1 Parking,NG
"$600,000 - $660,000","2/9 Baden Powell Drive,",FRANKSTON SOUTH VIC 3199,3 Beds,2 Baths,2 Parking,NG
"$585,000 - $600,000","404/13 Wellington Street,",ST KILDA VIC 3182,2 Beds,2 Baths,1 Parking,NG
"$950,000","4/212 Alma Road,",ST KILDA EAST VIC 3183,3 Beds,2 Baths,1 Parking,NG
"From $500,000 to $550,000","2303/81 Abeckett Street,",MELBOURNE VIC 3000,2 Beds,1 Bath, Parking,NG
"From $500,000 to $550,000","1806/81 Abeckett Street,",MELBOURNE VIC 3000,2 Beds,1 Bath, Parking,NG
Contact Agent,"12/143 Nepean Highway,",ASPENDALE VIC 3195,2 Beds,2 Baths,1 Parking,NG
"$430,000","205/6 Station Street,",MOORABBIN VIC 3189,2 Beds,1 Bath,1 Parking,NG
"$439,000","206/18 Gilbert Road,",PRESTON VIC 3072,2 Beds,1 Bath,1 Parking,NG
"Private Sale $579,000","9/89 Westbank Terrace,",RICHMOND VIC 3121,2 Beds,1 Bath,1 Parking,NG
"$489,000 - $519,000","604/18 Malone Street,",GEELONG VIC 3220,2 Beds,1 Bath,1 Parking,NG
"$500,000 to $550,000","2/11 Browning Avenue,",CLAYTON SOUTH VIC 3169,2 Beds,2 Baths,3 Parking,NG
"$850,000","501/79 River Street,",SOUTH YARRA VIC 3141,2 Beds,2 Baths,2 Parking,NG
"$880,000 - $900,000","G03/84 Burke Road,",MALVERN EAST VIC 3145,2 Beds,2 Baths,1 Parking,85m
"$749,000","1103/265 Exhibition Street,",MELBOURNE VIC 3000,2 Beds,2 Baths,1 Parking,NG
"Private Sale $515,000","604/82 Hawdon Street,",HEIDELBERG VIC 3084,2 Beds,1 Bath,1 Parking,NG
"$590,000 -$620,000","308/97 Flemington Road,",NORTH MELBOURNE VIC 3051,2 Beds,2 Baths,1 Parking,NG
"$719,000","106/3 York Street,",FITZROY NORTH VIC 3068,2 Beds,1 Bath,1 Parking,NG
"$300,000 - $330,000","3/1A Virginia Street Street,",SPRINGVALE VIC 3171,2 Beds,1 Bath,1 Parking,NG
Contact Team ONE!,"47A Greenleaf Circuit,",TARNEIT VIC 3029,3 Beds,2 Baths,1 Parking,271m
Private Sale,"203/888 Glen Huntly Road,",CAULFIELD SOUTH VIC 3162,2 Beds,1 Bath,1 Parking,NG
For Sale,"104/2A Campbell Grove,",HAWTHORN EAST VIC 3123,2 Beds,2 Baths,1 Parking,NG
"$450,000-$495,000","4/14-16 Morris Street,",TOOTGAROOK VIC 3941,2 Beds,1 Bath,1 Parking,NG
"$500,000-$550,000","412/12 Albert Street,",HAWTHORN EAST VIC 3123,2 Beds,2 Baths,1 Parking,NG
"$725,000 - $775,000","204/11 Jackson Street,",ST KILDA VIC 3182,2 Beds,2 Baths,1 Parking,NG
"$475,000 - $490,000","102/90 Buckley Street,",FOOTSCRAY VIC 3011,2 Beds,2 Baths,1 Parking,88m
"$500,000 - $550,000","9/100 Queensberry Street,",CARLTON VIC 3053,2 Beds,1 Bath,1 Parking,NG
"$625,000","11/14 Nash Street,",GLEN IRIS VIC 3146,2 Beds,1 Bath,1 Parking,NG
"$739,000","19/1066 Lygon Street,",CARLTON NORTH VIC 3054,3 Beds,1 Bath,1 Parking,NG
"$370,000","T412/348 St Kilda Road,",MELBOURNE 3004 VIC 3004,2 Beds,1 Bath, Parking,NG
"$520,000 - $550,000","1/579 Dandenong Road,",ARMADALE VIC 3143,2 Beds,1 Bath,1 Parking,NG
"$505,000","206/2-4 Murray Street,",BRUNSWICK WEST VIC 3055,2 Beds,1 Bath,1 Parking,NG
Contact Agent,"1/1887 Malvern Road,",MALVERN EAST VIC 3145,2 Beds,1 Bath,1 Parking,NG
"$325,000 - $345,000 - Retirement Living","19/21-25 Parkhill Drive,",BERWICK VIC 3806,2 Beds,1 Bath,1 Parking,161m
"$563,000","321/92 Albert Street,",BRUNSWICK EAST VIC 3057,2 Beds,2 Baths,1 Parking,NG
"$630,000","G02/126 Brighton Road,",RIPPONLEA VIC 3185,2 Beds,2 Baths,1 Parking,NG
"$580,000 - $600,000","5/144 Collins Street,",MENTONE VIC 3194,2 Beds,2 Baths,1 Parking,NG
"$350,000 - $385,000","4/79-81 Clarendon Street,",CRANBOURNE VIC 3977,2 Beds,1 Bath,1 Parking,NG
"$756,000","13/233 Burke Road,",GLEN IRIS VIC 3146,2 Beds,2 Baths,1 Parking,NG
"$595,000","1102/70 Speakmen Street,",KENSINGTON VIC 3031,2 Beds,2 Baths,1 Parking,NG
"$585,000-$625,000","306/10-14 Hope Street,",BRUNSWICK VIC 3056,2 Beds,2 Baths,1 Parking,NG
$650000,"1007/160 Victoria Street,",CARLTON VIC 3053,2 Beds,2 Baths, Parking,NG
Contact Agent,"101/525 High Street,",PRAHRAN VIC 3181,2 Beds,2 Baths,1 Parking,NG
"$585,000 - $640,000","512/109 Mcleod Road,",PATTERSON LAKES VIC 3197,3 Beds,2 Baths,2 Parking,NG
"$479,990","107/144 Collins Street,",MENTONE VIC 3194,2 Beds,2 Baths,1 Parking,NG
"$395,000 - $430,000","703/199 William Street,",MELBOURNE VIC 3000,2 Beds,2 Baths, Parking,NG
"$890,000-$920,000","305/12 Railway Walk North,",HAMPTON VIC 3188,2 Beds,2 Baths,1 Parking,NG
"$550,000 - $600,000","1810/50 Claremont Street,",SOUTH YARRA VIC 3141,2 Beds,1 Bath,1 Parking,NG
"$539,000","305/33-35 Breese Street,",BRUNSWICK VIC 3056,2 Beds,1 Bath,1 Parking,NG
"$789,000","7 Chelbara Court,",CHELSEA VIC 3196,2 Beds,1 Bath,3 Parking,NG
"$725,000 - $765,000","G01/2 Albert Street,",ST KILDA VIC 3182,2 Beds,2 Baths,1 Parking,NG
"$549,000 - $565000","6/354 Nepean Highway,",CHELSEA VIC 3196,2 Beds,1 Bath,1 Parking,NG
"$550,000 - $600,000","203/1044 Glen Huntly Road,",CAULFIELD SOUTH VIC 3162,2 Beds,2 Baths,1 Parking,NG
"$429,000","120/115 Neerim Road,",GLEN HUNTLY VIC 3163,2 Beds,1 Bath,1 Parking,NG
"$299,000","2/33-35 Henry Street,",MELTON VIC 3337,2 Beds,1 Bath,1 Parking,NG
Contact Agent,"701/665 Chapel Street,",SOUTH YARRA VIC 3141,2 Beds,2 Baths,1 Parking,113m
Contact agent for details,"1706/105 Clarendon Street,",SOUTHBANK VIC 3006,2 Beds,1 Bath, Parking,NG
"$680,000-$690,000","6/92 Mimosa Road,",CARNEGIE VIC 3163,2 Beds,2 Baths,1 Parking,NG
"$890,000 - $930,000","214/3 Tarver Street,",PORT MELBOURNE VIC 3207,2 Beds,2 Baths,1 Parking,NG
Contact Agent,"208/78 Inkerman Street,",ST KILDA VIC 3182,2 Beds,1 Bath,1 Parking,NG
"$510,000 - $560,000","203/103 Grange Road,",GLEN HUNTLY VIC 3163,2 Beds,2 Baths,1 Parking,NG
"$870,000","1807/3 Yarra Street,",SOUTH YARRA VIC 3141,2 Beds,2 Baths,3 Parking,NG
"$340,000 to $374,000","415/80 Cheltenham Road,",DANDENONG VIC 3175,2 Beds,1 Bath,1 Parking,NG
"$470,000","6/137 Ford Street,",IVANHOE VIC 3079,2 Beds,1 Bath,1 Parking,NG
"$600,000 - $650,000","20 McDonald Street,",WERRIBEE VIC 3030,3 Beds,3 Baths,2 Parking,NG
"$650,000","106/500 Dandenong Road,",CAULFIELD NORTH VIC 3161,2 Beds,1 Bath,1 Parking,NG
"$380,000 - $410,000","5/171-175 Beach Street,",FRANKSTON VIC 3199,2 Beds,1 Bath,1 Parking,NG
"$629,000","1/22 Auburn Grove,",HAWTHORN EAST VIC 3123,2 Beds,1 Bath,1 Parking,NG
"$565,000","304/34 Union Street,",BRUNSWICK VIC 3056,2 Beds,1 Bath,1 Parking,NG
"$700,000 - $750,000","302/2 Chaucer Street,",ST KILDA VIC 3182,2 Beds,1 Bath,1 Parking,NG
"$640,000-$690,000","703B/3 Brewery Lane,",COLLINGWOOD VIC 3066,2 Beds,2 Baths,1 Parking,NG
"$550,000","27/600 Epsom Road,",FLEMINGTON VIC 3031,3 Beds,2 Baths,2 Parking,NG
"$545,000","1501/50 Haig Street,",SOUTHBANK VIC 3006,2 Beds,1 Bath,1 Parking,NG
"$875,000","1013/60 Siddeley Street,",DOCKLANDS VIC 3008,3 Beds,2 Baths,1 Parking,NG
"$495,000","8/18 Cochrane Street,",BRIGHTON VIC 3186,2 Beds,1 Bath,1 Parking,NG
"$420,000 to $450,000","G08/8 Station Street,",CAULFIELD NORTH VIC 3161,2 Beds,1 Bath,1 Parking,NG
"$540,000","17/171 Flemington Road,",NORTH MELBOURNE VIC 3051,2 Beds,1 Bath,1 Parking,NG
"$595,000 - $654,500","12/5 McIntosh Court,",ASPENDALE GARDENS VIC 3195,2 Beds,1 Bath,1 Parking,NG
"$600,000","302/10 Station Street,",CAULFIELD NORTH VIC 3161,2 Beds,1 Bath,1 Parking,NG
"$550,700","308/110 Roberts Street,",WEST FOOTSCRAY VIC 3012,2 Beds,2 Baths,1 Parking,NG
"$800,000 - $860,000","107/13-15 Grattan Street,",PRAHRAN VIC 3181,2 Beds,2 Baths,1 Parking,NG
"$800,000-$850,000 (INSPECT BY APPOINTMENT)","5/33 Bodley Street,",BEAUMARIS VIC 3193,3 Beds,2 Baths,2 Parking,NG
"$550,000 to $600,000","207/64 Railway Parade,",HIGHETT VIC 3190,2 Beds,2 Baths,1 Parking,NG
Contact Agent,"1 & 2/18 Ogden Street,",GLENROY VIC 3046,3 Beds,2 Baths,1 Parking,NG
"$520,000","5/269 Princes Hwy,",OFFICER VIC 3809,3 Beds,2 Baths,2 Parking,NG
"$495,000-$540,000","1/11 Filippin Court,",WERRIBEE VIC 3030,3 Beds,1 Bath,2 Parking,292m
"$675,000-$730,000","901e/888 Collins Street,",DOCKLANDS VIC 3008,2 Beds,2 Baths,1 Parking,95m
"$409,000","24/60 Gladesville Boulevard,",PATTERSON LAKES VIC 3197,2 Beds,1 Bath,2 Parking,NG
"$540,000 - $590,000","209/21 Belsize Avenue,",CARNEGIE VIC 3163,2 Beds,1 Bath,1 Parking,NG
"$609,000","201/65 Nicholson Street,",BRUNSWICK EAST VIC 3057,2 Beds,2 Baths,1 Parking,NG
"$525,000 - $575,000","404/8 Lygon Street,",BRUNSWICK EAST VIC 3057,2 Beds,2 Baths,1 Parking,NG
"$900,000 - $990,000","3/1 Esplanade,",FRANKSTON VIC 3199,3 Beds,2 Baths,1 Parking,NG
"$760,000 - $830,000","2/29 Clarkestown Avenue,",MOUNT ELIZA VIC 3930,3 Beds,2 Baths,1 Parking,NG
"$449,000","216/135 Inkerman Street,",ST KILDA VIC 3182,2 Beds,1 Bath,1 Parking,NG
"$670,000","Penthouse 2/5 Red Hill Terrace,",DONCASTER EAST VIC 3109,2 Beds,2 Baths,2 Parking,NG
"$830,000","G03/402-408 Riversdale Road,",HAWTHORN EAST VIC 3123,2 Beds,2 Baths,1 Parking,NG
"$559,000","514/74 Queens Road,",MELBOURNE 3004 VIC 3004,2 Beds,1 Bath,1 Parking,NG
Contact Agent,"207/960 High Street,",ARMADALE VIC 3143,2 Beds,2 Baths,1 Parking,NG
Contact Agent,"105/687 Toorak Road,",MALVERN VIC 3144,2 Beds,2 Baths,1 Parking,NG
"$950,000 - $1,045,000","1/440 Dandenong Road,",CAULFIELD NORTH VIC 3161,3 Beds,1 Bath,1 Parking,NG
"$600,000 - $650,000","1708/182 Edward Street,",BRUNSWICK EAST VIC 3057,2 Beds,1 Bath,1 Parking,NG
"$700,000","205/5-11 Cole Street,",WILLIAMSTOWN VIC 3016,2 Beds,1 Bath,1 Parking,NG
"$880,000","316/9 Darling Street,",SOUTH YARRA VIC 3141,2 Beds,2 Baths,2 Parking,NG
"$430,000 to $450,000","7/3-7 Harold Road,",SPRINGVALE SOUTH VIC 3172,2 Beds,1 Bath,1 Parking,155m
"$529,900","12/367 High Street,",BELMONT VIC 3216,2 Beds,1 Bath,1 Parking,NG
Contact Elroy for your private inspection!,"104/16 Lomandra Drive,",CLAYTON SOUTH VIC 3169,2 Beds,2 Baths,1 Parking,NG
Contact Agent,"9/100 Commercial Road,",SOUTH YARRA VIC 3141,3 Beds,2 Baths,1 Parking,NG
"$500,000 -$535,000","503/26-28 Wilson Street,",SOUTH YARRA VIC 3141,2 Beds,1 Bath,1 Parking,NG
Contact Elroy for your private inspection!,"201/1451-1453 Centre Road,",CLAYTON VIC 3168,2 Beds,1 Bath,1 Parking,NG
"$609,000","8/13 Maroona Road,",CARNEGIE VIC 3163,2 Beds,2 Baths,1 Parking,NG
"$435,000","313/40 Altona Street,",KENSINGTON VIC 3031,2 Beds,1 Bath,1 Parking,NG
"$595,000","9/337 Station Street,",THORNBURY VIC 3071,2 Beds,1 Bath,1 Parking,NG
Price Upon Application,"313/9 Commercial Road,",CAROLINE SPRINGS VIC 3023,2 Beds,2 Baths,1 Parking,NG
"$710,000 - $760,000","16/1-5 Taylor Avenue,",ASPENDALE VIC 3195,2 Beds,1 Bath,1 Parking,NG
PRIVATE SALE,"Unit 12/7 Cowra St,",BRIGHTON VIC 3186,2 Beds,2 Baths,1 Parking,NG
"$685,000","103/58 Queens Parade,",FITZROY NORTH VIC 3068,2 Beds,1 Bath,1 Parking,NG
Contact Elroy for your private inspection!,"1451-1453 Centre Road,",CLAYTON VIC 3168,2 Beds,2 Baths,1 Parking,NG
"$849,000","33/27 Queens Road,",MELBOURNE 3004 VIC 3004,3 Beds,2 Baths,1 Parking,NG
"$495,000 - $530,000","6/1a Annette Court,",HASTINGS VIC 3915,3 Beds,2 Baths,2 Parking,NG
"$449,000","24/203 Nicholson Street,",COBURG VIC 3058,2 Beds,1 Bath,2 Parking,NG
Contact Agent,"101/211-213 Sydney Road,",BRUNSWICK VIC 3056,2 Beds,2 Baths, Parking,NG
"$439,000","307/50 Catamaran Drive,",WERRIBEE SOUTH VIC 3030,2 Beds,1 Bath,1 Parking,NG
"$489,000 - $519,000","310/16 Lomandra Drive,",CLAYTON SOUTH VIC 3169,2 Beds,2 Baths,1 Parking,NG
"$550,000 - $595,000","502/92-96 Albert Street,",BRUNSWICK EAST VIC 3057,2 Beds,2 Baths,1 Parking,NG
"$460,000 - $495,000","11/20 Austin Road,",SOMERVILLE VIC 3912,2 Beds,2 Baths,1 Parking,NG
"$679,000","208/88 Dow Street,",PORT MELBOURNE VIC 3207,2 Beds,2 Baths,1 Parking,NG
"$600,000-$660,000","908/480 St Kilda Road,",MELBOURNE 3004 VIC 3004,2 Beds,2 Baths,1 Parking,79m
Contact Agent,"306/53 Gaffney Street,",COBURG VIC 3058,2 Beds,1 Bath,1 Parking,NG
Contact Agent,"901/6 Station Street,",MOORABBIN VIC 3189,2 Beds,1 Bath,1 Parking,NG
"$349,000-$369,000","1/33 Kayla Way,",KURUNJANG VIC 3337,3 Beds,1 Bath,1 Parking,NG
"$679,000","605/11 David Street,",RICHMOND VIC 3121,2 Beds,2 Baths,2 Parking,NG
Contact Agent,"602/23 Palmerston Street,",CARLTON VIC 3053,3 Beds,2 Baths,1 Parking,NG
"$380,000","4/108-110 Conrad Street,",ST ALBANS VIC 3021,2 Beds,1 Bath,1 Parking,NG
615000 - 675000,"2908/81 Abeckett Street,",MELBOURNE VIC 3000,2 Beds,1 Bath,1 Parking,NG
$430000-$460000,"2/2 Costata Court,",NARRE WARREN VIC 3805,2 Beds,2 Baths,1 Parking,NG
"$600,000 - $630,000","208/15 Vickery Street,",BENTLEIGH VIC 3204,2 Beds,2 Baths,1 Parking,NG
Contact Agent,"201-/29-31 Swindon Road,",HUGHESDALE VIC 3166,2 Beds,2 Baths,1 Parking,NG
"$600,000 to $660,000","5/14 Acheron Court,",HAMPTON EAST VIC 3188,2 Beds,1 Bath,1 Parking,NG
"$520,000 to $570,000","2/190 Railway Parade,",NOBLE PARK VIC 3174,3 Beds,1 Bath,2 Parking,NG
$430K - $460K,"401/117 Durham Road,",SUNSHINE VIC 3020,2 Beds,1 Bath,1 Parking,NG
"$600,000 - $645,000","21/4 Victoria Street,",WINDSOR VIC 3181,2 Beds,1 Bath,1 Parking,NG
"$479,000 Priced to sell","102/2 Morton Avenue,",CARNEGIE VIC 3163,2 Beds,1 Bath,1 Parking,NG
$400K - $440K,"133 Anderson Road,",ALBION VIC 3020,2 Beds,1 Bath,1 Parking,NG
"$570,000","2110/350 William Street,",MELBOURNE VIC 3000,2 Beds,2 Baths, Parking,NG
$390K - $420K,"216/1 Foundry Road,",SUNSHINE VIC 3020,2 Beds,1 Bath,1 Parking,NG
$290K - $319K,"1/125 Anderson Road,",ALBION VIC 3020,2 Beds,1 Bath,1 Parking,NG
Contact Brenda Ngan,"608/1 Foundry Road,",SUNSHINE VIC 3020,2 Beds,1 Bath,1 Parking,NG
"$639,000","3/328-330 Neerim Road,",CARNEGIE VIC 3163,2 Beds,2 Baths,1 Parking,NG
"$550,000 - $600,000","5/11 The Avenue,",BALACLAVA VIC 3183,2 Beds,1 Bath,1 Parking,NG
"$565,000","2502/8 Franklin Street,",MELBOURNE VIC 3000,2 Beds,2 Baths,1 Parking,70m
Awaiting Price Guide,"18-24 Hopkins Street,",FOOTSCRAY VIC 3011,3 Beds,2 Baths,1 Parking,NG
"From $468,000 to $700,000","1060 Dandenong Road,",CARNEGIE VIC 3163,2 Beds,2 Baths,1 Parking,NG
"$725,000","218/13 Acacia Place,",ABBOTSFORD VIC 3067,2 Beds,2 Baths,1 Parking,NG
"$580,000","2307/33 MacKenzie Street,",MELBOURNE VIC 3000,2 Beds,1 Bath, Parking,NG
"$395,000","3/20 Wells Road,",SEAFORD VIC 3198,2 Beds,1 Bath,1 Parking,NG
"$749,000","203/381 Punt Road,",RICHMOND VIC 3121,2 Beds,2 Baths,1 Parking,NG
Contact Agent,"106/7 Cowra Street,",BRIGHTON VIC 3186,2 Beds,2 Baths,2 Parking,NG
$580000 to $638000,"6510/462 Elizabeth Street,",MELBOURNE VIC 3000,2 Beds,2 Baths, Parking,NG
Contact Agent,"104/60 Belgrave Road,",MALVERN EAST VIC 3145,2 Beds,2 Baths,1 Parking,NG
"$379,000","426/14-20 Nicholson Street,",COBURG VIC 3058,2 Beds,1 Bath,1 Parking,NG
"$515,000","1708/8 Marmion Place,",DOCKLANDS VIC 3008,2 Beds,1 Bath,1 Parking,NG
"$550,000","301/116 Watton Street,",WERRIBEE VIC 3030,2 Beds,1 Bath,1 Parking,NG
"$659,000","302/908 Doncaster Road,",DONCASTER EAST VIC 3109,2 Beds,2 Baths,1 Parking,NG
Contact Agent,"1011/228 A'BECKETT STREET,",MELBOURNE VIC 3000,2 Beds,2 Baths, Parking,NG
Contact Agent,"3106/105 CLARENDON STREET,",SOUTHBANK VIC 3006,2 Beds,1 Bath, Parking,NG
"$530,000","701/199 WILLIAM STREET,",MELBOURNE VIC 3000,2 Beds,1 Bath, Parking,NG
Contact Agent,"5003/568 COLLINS STREET,",MELBOURNE VIC 3000,2 Beds,2 Baths,1 Parking,NG
Contact Agent,"211/339 SWANSTON STREET,",MELBOURNE VIC 3000,2 Beds,1 Bath, Parking,NG
"$750,000","103/470 SMITH STREET,",COLLINGWOOD VIC 3066,2 Beds,2 Baths,1 Parking,NG
Contact Agent,"1812/120 A'BECKETT STREET,",MELBOURNE VIC 3000,2 Beds,2 Baths,1 Parking,NG
"$255,000 - $279,000","61/38 Salmon Street,",HASTINGS VIC 3915,2 Beds,1 Bath,1 Parking,NG
$850k - $890k,"7/78-88 Douglas Pde,",WILLIAMSTOWN VIC 3016,2 Beds,1 Bath,1 Parking,NG
"$430,000","6/1 Clark Street,",WILLIAMS LANDING VIC 3027,2 Beds,2 Baths,1 Parking,NG
Contact Agent,"203/665 Centre Road,",BENTLEIGH EAST VIC 3165,2 Beds,2 Baths,1 Parking,NG
"$600,000 - $650,000","4-8/20 McDonald Street,",WERRIBEE VIC 3030,3 Beds,3 Baths,2 Parking,NG
"$410,000 -$450,000","204/26 Wilson Street,",SOUTH YARRA VIC 3141,2 Beds,1 Bath,1 Parking,NG
"$520,000","406/91-93 Nicholson Street,",BRUNSWICK EAST VIC 3057,2 Beds,1 Bath,1 Parking,NG
"$835,000","515/555 St Kilda Road,",MELBOURNE 3004 VIC 3004,2 Beds,2 Baths,1 Parking,NG
"$310,000","53/13 Sundial Boulevard,",TARNEIT VIC 3029,2 Beds,1 Bath,1 Parking,NG
"$640,000 to $704,000","212/55 Queens Road,",MELBOURNE 3004 VIC 3004,2 Beds,1 Bath,1 Parking,NG
"$530,000-$540,000","3/1 Mcgregor St,",CLAYTON VIC 3168,2 Beds,1 Bath,1 Parking,NG
"$502,500","5/8 - 18 Whitehall Street,",FOOTSCRAY VIC 3011,2 Beds,1 Bath,1 Parking,NG
"$360,000 - $390,000","1/12 Magnolia Grove,",DOVETON VIC 3177,2 Beds,1 Bath,1 Parking,285m
"$520,000 - $570,000","2&3/6A Arabil Street,",FRANKSTON VIC 3199,2 Beds,2 Baths,1 Parking,NG
"$360,000 - $380,000","2/137 Opie Road,",ALBANVALE VIC 3021,2 Beds,1 Bath,1 Parking,NG
Contact Agent,"312/221 Sturt Street,",SOUTHBANK VIC 3006,2 Beds,1 Bath,1 Parking,NG
"$485,000","3/142 McKinnon Road,",MCKINNON VIC 3204,2 Beds,1 Bath,1 Parking,NG
Contact Agent for an Appointment,"G05/551-553 Dandenong Road,",ARMADALE VIC 3143,2 Beds,2 Baths,1 Parking,NG
"Priced to Sell $400,000","1909/199 William Street,",MELBOURNE VIC 3000,2 Beds,1 Bath, Parking,NG
"$410,000 - $430,000","502/240 Barkly Street,",FOOTSCRAY VIC 3011,2 Beds,1 Bath,1 Parking,NG
Contact Agent,"11a/59-73 Gladesville Blvd,",PATTERSON LAKES VIC 3197,2 Beds,1 Bath,1 Parking,NG
"$589,000","2902/2107-2125 Princes Highway,",CLAYTON VIC 3168,2 Beds,2 Baths,1 Parking,NG
"$390,000 - $420,000","8A Bellinger Crescent,",WYNDHAM VALE VIC 3024,2 Beds,2 Baths,1 Parking,315m
"$999,000","G03/1A Sebastopol Street,",CAULFIELD NORTH VIC 3161,2 Beds,2 Baths,2 Parking,NG
"$440,000","244/73 Lake Street,",CAROLINE SPRINGS VIC 3023,2 Beds,2 Baths,1 Parking,NG
Contact Agent,"4102/38 Rose Lane,",MELBOURNE VIC 3000,3 Beds,2 Baths,2 Parking,NG
Auction (Unless Sold Prior),"1/25 Simmonds Street,",HUGHESDALE VIC 3166,2 Beds,1 Bath,1 Parking,NG
"$505,000-$525,000","801a/6 Clinch Avenue,",PRESTON VIC 3072,2 Beds,1 Bath,2 Parking,NG
Online Auction,"211/353 Napier Street,",FITZROY VIC 3065,2 Beds,1 Bath,1 Parking,NG
"$629,000","91 Galada Avenue,",PARKVILLE VIC 3052,2 Beds,2 Baths,1 Parking,NG
"$329,000","1/29 Macartney Street,",RESERVOIR VIC 3073,2 Beds,1 Bath,1 Parking,NG
"$737,000","305/1 Kennedy Avenue,",RICHMOND VIC 3121,2 Beds,2 Baths,1 Parking,NG
Price Upon Application,"101/3 Billy Buttons Drive,",NARRE WARREN VIC 3805,2 Beds,2 Baths,1 Parking,NG
Contact Agent,"102/99-107 Dow Street,",PORT MELBOURNE VIC 3207,2 Beds,1 Bath,1 Parking,NG
"$395,000","504A/10 Droop Street,",FOOTSCRAY VIC 3011,2 Beds,2 Baths,1 Parking,NG
Contact us to book for private inspection,"2/43 Hillside Avenue,",DANDENONG NORTH VIC 3175,2 Beds,1 Bath,1 Parking,NG
For Sale - Contact agent,"210N/883 Collins Street,",DOCKLANDS VIC 3008,2 Beds,2 Baths,1 Parking,NG
Contact Elroy for your private inspection!,"111/80 Cheltenham Road,",DANDENONG VIC 3175,2 Beds,1 Bath,1 Parking,NG
Property On hold,"47/473 Princes Highway,",NOBLE PARK VIC 3174,2 Beds,1 Bath,1 Parking,NG
"$600,000","701/2107-2125 Princes Hwy,",CLAYTON VIC 3168,2 Beds,2 Baths,1 Parking,99m
"$489,000 - $519,000","305/18 Malone Street,",GEELONG VIC 3220,2 Beds,1 Bath,1 Parking,NG
For Sale - Contact agent,"108/3-5 Dixon Street,",CLAYTON VIC 3168,2 Beds,1 Bath,1 Parking,NG
"$450,000 - $480,000","712/5 Blanch Street,",PRESTON VIC 3072,2 Beds,1 Bath,1 Parking,NG
"$429,500","507A/400 Burwood Highway,",WANTIRNA SOUTH VIC 3152,2 Beds,2 Baths,1 Parking,NG
"$545,000","507/8 Gheringhap  Street,",GEELONG VIC 3220,2 Beds,1 Bath,1 Parking,NG
"$580,000","240-250 Lygon Street,",BRUNSWICK EAST VIC 3057,2 Beds,2 Baths,1 Parking,NG
"$380,000 - $418,000","304/28-30 Warwick Avenue,",SPRINGVALE VIC 3171,2 Beds,1 Bath,1 Parking,NG
"$580,000 - $610,000","501/100 Western Beach Road,",GEELONG VIC 3220,2 Beds,1 Bath,1 Parking,NG
Price Upon Application,"2909A/250 Spencer Street,",MELBOURNE VIC 3000,2 Beds,2 Baths, Parking,NG
$690k,"201/129 Millers Rd,",ALTONA NORTH VIC 3025,3 Beds,2 Baths,1 Parking,NG
Contact Agent,"5 Davidson Street,",SOUTH YARRA VIC 3141,2 Beds,2 Baths,1 Parking,NG
Contact Agent,"6C/29 Queens Road,",MELBOURNE 3004 VIC 3004,2 Beds,2 Baths,1 Parking,NG
"$270,000 - $290,000","48/473 Princes Highway,",NOBLE PARK VIC 3174,2 Beds,1 Bath,1 Parking,NG
Contact Agent,"103/70 Ferntree Gully Rd,",OAKLEIGH EAST VIC 3166,2 Beds,1 Bath,1 Parking,NG
$450k - $500k,"114/50 Catamaran Drive,",WERRIBEE SOUTH VIC 3030,2 Beds,1 Bath,1 Parking,NG
Contact Agent,"8/26 Salisbury Street,",WERRIBEE VIC 3030,2 Beds,2 Baths,1 Parking,146m
"$540,000","Unit 15/269 Princes Hwy,",OFFICER VIC 3809,3 Beds,2 Baths,2 Parking,NG
"$535,000","Unit 8/269 Princes Hwy,",OFFICER VIC 3809,3 Beds,2 Baths,2 Parking,NG
"$535,000","Unit 7/269 Princes Hwy,",OFFICER VIC 3809,3 Beds,2 Baths,2 Parking,NG
"$595,000","Unit 4/269 Princes Hwy,",OFFICER VIC 3809,4 Beds,2 Baths,2 Parking,NG
"$595,000","Unit 3/269 Princes Hwy,",OFFICER VIC 3809,4 Beds,2 Baths,2 Parking,NG
"$490,000 to $539,000","M103/31 Malcolm Street,",SOUTH YARRA VIC 3141,2 Beds,1 Bath,1 Parking,NG
"$515,000","103/259 East Boundary Road,",BENTLEIGH EAST VIC 3165,2 Beds,1 Bath,1 Parking,NG
"$370,000 - $399,000","24/52 Latham Street,",WERRIBEE VIC 3030,3 Beds,1 Bath,2 Parking,NG
For Sale,"8/1-3 Langs Road,",ASCOT VALE VIC 3032,2 Beds,2 Baths,1 Parking,NG
Price by Negotiation,"1309/52-54 O'Sullivan Road,",GLEN WAVERLEY VIC 3150,2 Beds,2 Baths,1 Parking,NG
Contact Agent,"302-306 Waverley Road,",MALVERN EAST VIC 3145,3 Beds,2 Baths,2 Parking,NG
FOR SALE Campaign postponed,"4/216 Templestowe Road,",TEMPLESTOWE LOWER VIC 3107,3 Beds,2 Baths,2 Parking,NG
"$585,000 - $625,000","307/165 Gladstone Street,",SOUTH MELBOURNE VIC 3205,2 Beds,1 Bath,1 Parking,NG
"$499,000","15/95-99 Edithvale Road,",EDITHVALE VIC 3196,2 Beds,1 Bath,1 Parking,NG
Price on Application,"1915/228 A'BECKETT STREET,",MELBOURNE VIC 3000,3 Beds,2 Baths,2 Parking,NG
Price on Application,"902/33 MACKENZIE STREET,",MELBOURNE VIC 3000,2 Beds,1 Bath, Parking,NG
"$610,000","LEVEL 14/89 GLADSTONE STREET,",SOUTH MELBOURNE VIC 3205,2 Beds,2 Baths,1 Parking,NG
"$950,000","503/211 Sydney Road,",BRUNSWICK VIC 3056,3 Beds,2 Baths, Parking,NG
Price on Application,"1411/283 CITY ROAD,",SOUTHBANK VIC 3006,2 Beds,1 Bath,1 Parking,NG
Contact Agent,"404/211 Sydney Road,",BRUNSWICK VIC 3056,3 Beds,2 Baths, Parking,NG
Contact Agent,"1801/228 A'BECKETT STREET,",MELBOURNE VIC 3000,2 Beds,2 Baths,1 Parking,NG
"$449,000","4/74 BULLA ROAD,",STRATHMORE VIC 3041,2 Beds,1 Bath,1 Parking,NG
Contact Agent,"1906/155 FRANKLIN STREET,",MELBOURNE VIC 3000,2 Beds,2 Baths,1 Parking,NG
"$560,000","2008/639 LONSDALE STREET,",MELBOURNE VIC 3000,2 Beds,1 Bath,1 Parking,NG
"$390,000 - $400,000","3202/80 A'BECKETT STREET,",MELBOURNE VIC 3000,2 Beds,1 Bath, Parking,NG
"$600,000 - $630,000","1810/200 SPENCER STREET,",MELBOURNE VIC 3000,2 Beds,1 Bath,1 Parking,NG
Price on Application,"2303/42-48 BALSTON STREET,",SOUTHBANK VIC 3006,2 Beds,1 Bath, Parking,NG
$540K - $550K,"214/756 Sydney Road,",BRUNSWICK VIC 3056,2 Beds,1 Bath,1 Parking,NG
"$580,000","104/24 Mavho Street,",BENTLEIGH VIC 3204,2 Beds,2 Baths,1 Parking,NG
Nomination Sale Huge Stamp Duty Savings,"7008/224 La Trobe Street,",MELBOURNE VIC 3000,2 Beds,1 Bath,1 Parking,62m
Nomination sales Stamp Duty Saving,"8003/224 La Trobe Street,",MELBOURNE VIC 3000,2 Beds,2 Baths,1 Parking,69m
"$515,000 - $525,000",MARIBYRNONG VIC 3032,NG,2 Beds,2 Baths,1 Parking,"3,016m"
"$450,000","134/33 Quay Boulevard,",WERRIBEE SOUTH VIC 3030,2 Beds,1 Bath,1 Parking,NG
"$630,000 - $700,000","342 Melbourne Road,",NEWPORT VIC 3015,2 Beds,1 Bath,1 Parking,NG
Contact Agent,"1303/105 Clarendon Street,",SOUTHBANK VIC 3006,2 Beds,2 Baths, Parking,NG
Contact Agent,"1010/35 Malcolm Street,",SOUTH YARRA VIC 3141,2 Beds,1 Bath,1 Parking,NG
"$460,000-$500,000","1004/280 SPENCER STREET,",MELBOURNE VIC 3000,2 Beds,1 Bath,1 Parking,NG
"$430,000 to $460,000","4/30-32 Whitehall Street,",FOOTSCRAY VIC 3011,2 Beds,2 Baths,1 Parking,NG
"Nomination Sale $510,000 - $560,000","107/1-13 Renver Road,",CLAYTON VIC 3168,2 Beds,2 Baths,1 Parking,84m
"Private Sale $439,000","703/14-20 Nicholson Street,",COBURG VIC 3058,2 Beds,2 Baths,1 Parking,NG
"Private Sale - $585,000","4/10 Beith Street,",BRUNSWICK VIC 3056,2 Beds,2 Baths,1 Parking,NG
"$495,000 - BUY NOW","10/11 Florence Street,",MENTONE VIC 3194,2 Beds,1 Bath,1 Parking,NG
Contact Agent,"50/349 Riversdale Road,",HAWTHORN EAST VIC 3123,2 Beds,1 Bath,1 Parking,NG
"Asking $280,000","38/1251 Plenty Road,",BUNDOORA VIC 3083,2 Beds,1 Bath,1 Parking,NG
Contact Agent,"1-12/12-14 George Street,",SUNSHINE VIC 3020,3 Beds,2 Baths,1 Parking,NG
"$520,000","9/269 Princes Highway,",OFFICER VIC 3809,3 Beds,2 Baths,2 Parking,NG
"$399,000","208/432 Geelong Road,",WEST FOOTSCRAY VIC 3012,2 Beds,1 Bath,1 Parking,NG
Contact Agent,"207/37 Munro Street,",COBURG VIC 3058,2 Beds,1 Bath,1 Parking,NG
Price Upon Application,"210/1 Foundry Road,",SUNSHINE VIC 3020,2 Beds,1 Bath,1 Parking,NG
"$500,000 - $550,000","2707/133-139 City Road,",SOUTHBANK VIC 3006,2 Beds,1 Bath,1 Parking,NG
Contact Agent,"603/8 Martin Street,",HEIDELBERG VIC 3084,2 Beds,1 Bath,1 Parking,NG
Price guide on request,"231 St Georges Road,",NORTHCOTE VIC 3070,2 Beds,2 Baths,1 Parking,NG
"$690,000","3.04/68-72 Cape Street,",HEIDELBERG VIC 3084,2 Beds,2 Baths,1 Parking,NG
Contact Agent,"605/1 MARMION PLACE,",DOCKLANDS VIC 3008,2 Beds,2 Baths,1 Parking,NG
"$640,000 - $680,000","49/117 McLeod Road,",PATTERSON LAKES VIC 3197,2 Beds,2 Baths,2 Parking,NG
"$470,000 - $517,000","96 Henry Street,",PAKENHAM VIC 3810,4 Beds,2 Baths,2 Parking,NG
"$555,000","Level 2, 2/1045 Heidelberg Road,",IVANHOE VIC 3079,2 Beds,2 Baths,1 Parking,NG
"Private Sale $534,000","301/2 Moonering Drive,",COBURG VIC 3058,2 Beds,2 Baths,1 Parking,NG
Contact Agent,"-/- -,",HEIDELBERG HEIGHTS VIC 3081,2 Beds,2 Baths,1 Parking,NG
"$395,000","505/1 Foundry Road,",SUNSHINE VIC 3020,2 Beds,1 Bath,1 Parking,NG
"$440,000 - $480,000","618 & 718/555 Swanston Street,",CARLTON VIC 3053,2 Beds,1 Bath, Parking,NG
Contact Agent,"702/112-120 Burgundy Street,",HEIDELBERG VIC 3084,2 Beds,2 Baths,1 Parking,NG
"$698,000","604/108 Flinders St,",MELBOURNE VIC 3000,2 Beds,2 Baths,1 Parking,NG
Contact Agent,"277 Lygon Street,",BRUNSWICK VIC 3056,2 Beds,2 Baths,1 Parking,NG
Contact Agent,"267 Lygon Street,",BRUNSWICK VIC 3056,3 Beds,2 Baths,2 Parking,NG
"$530,000","375C Centre Road,",BERWICK VIC 3806,3 Beds,2 Baths,2 Parking,NG
Contact Agent,"1394 Malvern Road,",GLEN IRIS VIC 3146,3 Beds,2 Baths,2 Parking,NG
Contact Agent,"1394 Malvern Road,",GLEN IRIS VIC 3146,2 Beds,2 Baths,2 Parking,NG
Contact Agent,"515/555 St Kilda Road,",MELBOURNE 3004 VIC 3004,2 Beds,2 Baths,1 Parking,NG
"$899,000","02/12 Bowlers Avenue,",GEELONG WEST VIC 3218,2 Beds,2 Baths,1 Parking,NG
"$836,000","315/555 St Kilda Road,",MELBOURNE 3004 VIC 3004,2 Beds,2 Baths,1 Parking,NG
Contact Agent,"224 La Trobe Street,",MELBOURNE VIC 3000,2 Beds,2 Baths, Parking,NG
Contact Agent,"22 Pakington Street,",ST KILDA VIC 3182,3 Beds,2 Baths,2 Parking,NG
Contact Agent,"22 Pakington Street,",ST KILDA VIC 3182,2 Beds,2 Baths,2 Parking,NG
Contact Agent,"601/112-120 Burgundy Street,",HEIDELBERG VIC 3084,2 Beds,1 Bath,1 Parking,NG
Contact Agent,"111/11 Copernicus Crescent,",BUNDOORA VIC 3083,2 Beds,2 Baths, Parking,NG
Contact Agent,"3.08/3 Cartmell Street,",HEIDELBERG VIC 3084,2 Beds,2 Baths,1 Parking,NG
Contact Agent,"G04 & 201/3 Abbotsford Grove,",IVANHOE VIC 3079,2 Beds,2 Baths,1 Parking,NG
Price Upon Application,"4001/483 Swanston Street,",MELBOURNE VIC 3000,3 Beds,2 Baths,1 Parking,NG
Contact Agent,"4/12 Bowlers Avenue,",GEELONG WEST VIC 3218,3 Beds,2 Baths,2 Parking,NG
"$667,200","5/489 Mount Alexander Road,",MOONEE PONDS VIC 3039,2 Beds,1 Bath,1 Parking,NG
FOR SALE,"1,2 & 4/5-7 Munro Street,",ASCOT VALE VIC 3032,3 Beds,1 Bath,1 Parking,NG
"Prices Start From $422,000","18-24 Hopkins Street,",FOOTSCRAY VIC 3011,2 Beds,1 Bath,1 Parking,NG
"$640,000","11 Bent Street,",ALTONA VIC 3018,2 Beds,1 Bath,1 Parking,NG
For Sale,"1205/45 Claremont Street,",SOUTH YARRA VIC 3141,3 Beds,2 Baths, Parking,NG
"$850,000 - $900,000","106/83 Whiteman Street,",SOUTHBANK VIC 3006,3 Beds,2 Baths,2 Parking,NG
"Auction $530,000 - $580,000","3/2 Brighton Street,",FLEMINGTON VIC 3031,2 Beds,1 Bath,1 Parking,NG
"$800,000 - $880,000","304/8c Evergreen Mews,",ARMADALE VIC 3143,2 Beds,2 Baths,2 Parking,NG
Auction: Saturday 20th February at 12pm,"18/47 Rathcown Road,",RESERVOIR VIC 3073,2 Beds,1 Bath,1 Parking,NG
"$530,000 - $580,000","1208/50 Haig Street,",SOUTHBANK VIC 3006,2 Beds,1 Bath,1 Parking,NG
"$700,000 - $770,000","1/13 Junction Road,",BLACKBURN NORTH VIC 3130,3 Beds,1 Bath,2 Parking,261m
"$389,000- $415,000","1/111 Liston Street,",BELL POST HILL VIC 3215,2 Beds,1 Bath,1 Parking,NG
CONTACT AGENT,"1/46 Academy Drive,",BROADMEADOWS VIC 3047,5 Beds,3 Baths,2 Parking,NG
"$880,000 - $950,000","1403/2 Newquay Promenade,",DOCKLANDS VIC 3008,2 Beds,2 Baths,2 Parking,NG
"$700,000","606/39 Caravel Lane,",DOCKLANDS VIC 3008,2 Beds,2 Baths,1 Parking,NG
Contact Agent,"2502/180 City Road,",SOUTHBANK VIC 3006,3 Beds,2 Baths,1 Parking,120m
"$490,000 - $539,000","2/92 Hillcrest Road,",FRANKSTON VIC 3199,3 Beds,2 Baths,2 Parking,447m
"$800,000 - $850,000","7/10 Park Road,",CHELTENHAM VIC 3192,3 Beds,2 Baths,2 Parking,NG
"$680,000 - $730,000","1903/20 Rakaia Way,",DOCKLANDS VIC 3008,2 Beds,2 Baths,3 Parking,NG
"$600,000 - $660,000","3/65 Tyne Street,",BOX HILL NORTH VIC 3129,2 Beds,1 Bath,1 Parking,190m
"$535,000","1/7 King David Court,",HAMPTON PARK VIC 3976,3 Beds,1 Bath,1 Parking,256m
"$527,250","401/33 Racecourse Road,",NORTH MELBOURNE VIC 3051,2 Beds,1 Bath,1 Parking,NG
"$690,000","Heidelberg Road,",IVANHOE VIC 3079,2 Beds,2 Baths,1 Parking,81m
"$530,000","608/339 SWANSTON STREET,",MELBOURNE VIC 3000,3 Beds,1 Bath, Parking,NG
"$285,000","3811/488 SWANSTON STREET,",CARLTON VIC 3053,2 Beds,1 Bath, Parking,NG
"$500,000 - $520,000","1/15 Tomkin Court,",ALTONA MEADOWS VIC 3028,2 Beds,1 Bath,1 Parking,NG
"$550,000 - $599,000","1/82 Curtain Avenue,",LALOR VIC 3075,3 Beds,1 Bath,1 Parking,313m
Auction Sat 20th Feb at 11 AM,"4/2 Bayliss Street,",CHELTENHAM VIC 3192,2 Beds,1 Bath,1 Parking,113m
"$420,000","1/32-36 Reserve Road,",HOPPERS CROSSING VIC 3029,2 Beds,1 Bath,1 Parking,188m
"$557,000","402/89 Roden St,",WEST MELBOURNE VIC 3003,2 Beds,1 Bath,1 Parking,65m
"$535,000",OAKLEIGH EAST VIC 3166,NG,3 Beds,1 Bath,1 Parking,NG
"$310,000-$330,000","722/585 LA TROBE STREET,",MELBOURNE VIC 3000,2 Beds,1 Bath, Parking,NG
contract agent,"1701/442 Elizabeth Street,",MELBOURNE VIC 3000,2 Beds,1 Bath, Parking,NG
"$895,000",DOCKLANDS VIC 3008,NG,2 Beds,2 Baths,1 Parking,NG
"$755,000",DOCKLANDS VIC 3008,NG,2 Beds,1 Bath,1 Parking,NG
"$804,500",SOUTH MELBOURNE VIC 3205,NG,2 Beds,2 Baths, Parking,NG
"$747,500",SOUTH MELBOURNE VIC 3205,NG,2 Beds,2 Baths, Parking,NG
Contact Agent,"3/694 Inkerman Road,",CAULFIELD NORTH VIC 3161,2 Beds,1 Bath,1 Parking,NG
Contact Agent,"3/135 Booran Road,",CAULFIELD SOUTH VIC 3162,3 Beds,1 Bath,1 Parking,NG
"$270,000 - $290,000","5/1 Reserve Road West,",MELTON VIC 3337,2 Beds,1 Bath,1 Parking,156m
"$490,000 - $530,000","7/164 Blackburn Road,",DONCASTER EAST VIC 3109,2 Beds,2 Baths,1 Parking,NG
"$430,000 - $460,000","1302/673 La Trobe Street,",DOCKLANDS VIC 3008,2 Beds,1 Bath,1 Parking,NG
"$480,000 - $510,000","86/538 Little Lonsdale Street,",MELBOURNE VIC 3000,2 Beds,1 Bath,1 Parking,NG
Price on Application,"3/269-270 Beach Road,",BLACK ROCK VIC 3193,3 Beds,1 Bath,2 Parking,NG
"$480,000 - $528,000","18/68-92 McKimmies Road,",LALOR VIC 3075,3 Beds,1 Bath,1 Parking,NG
$850000,"303/11 - 15 Brunswick Road,",BRUNSWICK EAST VIC 3057,3 Beds,2 Baths,2 Parking,NG
"$369,950","1/12 Leanna  Court,",CRANBOURNE WEST VIC 3977,2 Beds,1 Bath,1 Parking,234m
"$589,000",FOOTSCRAY VIC 3011,NG,2 Beds,1 Bath,1 Parking,NG
"$867,000",FOOTSCRAY VIC 3011,NG,3 Beds,2 Baths,1 Parking,NG
"$874,000",FOOTSCRAY VIC 3011,NG,3 Beds,2 Baths,1 Parking,NG
"$589,000",FOOTSCRAY VIC 3011,NG,2 Beds,1 Bath,1 Parking,NG
"$580,000",FOOTSCRAY VIC 3011,NG,2 Beds,2 Baths,1 Parking,NG
"$543,000",FOOTSCRAY VIC 3011,NG,2 Beds,2 Baths,1 Parking,NG
"$604,800",MELBOURNE VIC 3000,NG,2 Beds,1 Bath, Parking,NG
"$837,500",MELBOURNE 3004 VIC 3004,NG,2 Beds,2 Baths,1 Parking,NG
"$628,900",MELBOURNE VIC 3000,NG,2 Beds,1 Bath, Parking,NG
"$490,000-$539,000","3504/105 Clarendon Street,",SOUTHBANK VIC 3006,2 Beds,1 Bath, Parking,NG
"EOI 490,000 - $530,000","106/324 Pascoe Vale Road,",ESSENDON VIC 3040,2 Beds,1 Bath,1 Parking,NG
"$918,000","M1112/188 Macaulay Road,",NORTH MELBOURNE VIC 3051,3 Beds,2 Baths,2 Parking,NG
"$375,000-$385,000","1/205 Mason Street,",NEWPORT VIC 3015,2 Beds,1 Bath,1 Parking,NG
